query_alias,record_id,canonical_product_tr,sector,candidate_cn,cbam_scope_candidate,base_confidence,disambiguation_questions,exclusion_or_alt_triggers,notes,source_url
aglomere demir cevheri,IS-001,Demir cevheri peleti / sinter,Demir-Çelik,26011200,IN,high,"Ürün aglomere/pelet mi, yoksa aglomere edilmemiş cevher mi?",,,https://taxation-customs.ec.europa.eu/document/download/3eb64513-8255-4c71-875a-bd0a8c7ff772_en
demir cevheri peleti,IS-001,Demir cevheri peleti / sinter,Demir-Çelik,26011200,IN,high,"Ürün aglomere/pelet mi, yoksa aglomere edilmemiş cevher mi?",,,https://taxation-customs.ec.europa.eu/document/download/3eb64513-8255-4c71-875a-bd0a8c7ff772_en
demir cevheri peleti / sinter,IS-001,Demir cevheri peleti / sinter,Demir-Çelik,26011200,IN,high,"Ürün aglomere/pelet mi, yoksa aglomere edilmemiş cevher mi?",,,https://taxation-customs.ec.europa.eu/document/download/3eb64513-8255-4c71-875a-bd0a8c7ff772_en
iron ore pellet,IS-001,Demir cevheri peleti / sinter,Demir-Çelik,26011200,IN,high,"Ürün aglomere/pelet mi, yoksa aglomere edilmemiş cevher mi?",,,https://taxation-customs.ec.europa.eu/document/download/3eb64513-8255-4c71-875a-bd0a8c7ff772_en
sinter,IS-001,Demir cevheri peleti / sinter,Demir-Çelik,26011200,IN,high,"Ürün aglomere/pelet mi, yoksa aglomere edilmemiş cevher mi?",,,https://taxation-customs.ec.europa.eu/document/download/3eb64513-8255-4c71-875a-bd0a8c7ff772_en
sinter cevheri,IS-001,Demir cevheri peleti / sinter,Demir-Çelik,26011200,IN,high,"Ürün aglomere/pelet mi, yoksa aglomere edilmemiş cevher mi?",,,https://taxation-customs.ec.europa.eu/document/download/3eb64513-8255-4c71-875a-bd0a8c7ff772_en
dokumhane pik demiri,IS-002,Pik demir,Demir-Çelik,7201,IN,high,,,,https://taxation-customs.ec.europa.eu/document/download/3eb64513-8255-4c71-875a-bd0a8c7ff772_en
dökümhane pik demiri,IS-002,Pik demir,Demir-Çelik,7201,IN,high,,,,https://taxation-customs.ec.europa.eu/document/download/3eb64513-8255-4c71-875a-bd0a8c7ff772_en
ham demir,IS-002,Pik demir,Demir-Çelik,7201,IN,high,,,,https://taxation-customs.ec.europa.eu/document/download/3eb64513-8255-4c71-875a-bd0a8c7ff772_en
hematit pik,IS-002,Pik demir,Demir-Çelik,7201,IN,high,,,,https://taxation-customs.ec.europa.eu/document/download/3eb64513-8255-4c71-875a-bd0a8c7ff772_en
pig iron,IS-002,Pik demir,Demir-Çelik,7201,IN,high,,,,https://taxation-customs.ec.europa.eu/document/download/3eb64513-8255-4c71-875a-bd0a8c7ff772_en
pik demir,IS-002,Pik demir,Demir-Çelik,7201,IN,high,,,,https://taxation-customs.ec.europa.eu/document/download/3eb64513-8255-4c71-875a-bd0a8c7ff772_en
dusuk karbon ferromangan,IS-003,Ferromangan,Demir-Çelik,72021,IN,high,,,,https://taxation-customs.ec.europa.eu/document/download/3eb64513-8255-4c71-875a-bd0a8c7ff772_en
düşük karbon ferromangan,IS-003,Ferromangan,Demir-Çelik,72021,IN,high,,,,https://taxation-customs.ec.europa.eu/document/download/3eb64513-8255-4c71-875a-bd0a8c7ff772_en
femn,IS-003,Ferromangan,Demir-Çelik,72021,IN,high,,,,https://taxation-customs.ec.europa.eu/document/download/3eb64513-8255-4c71-875a-bd0a8c7ff772_en
ferro mangan,IS-003,Ferromangan,Demir-Çelik,72021,IN,high,,,,https://taxation-customs.ec.europa.eu/document/download/3eb64513-8255-4c71-875a-bd0a8c7ff772_en
ferromangan,IS-003,Ferromangan,Demir-Çelik,72021,IN,high,,,,https://taxation-customs.ec.europa.eu/document/download/3eb64513-8255-4c71-875a-bd0a8c7ff772_en
yuksek karbon ferromangan,IS-003,Ferromangan,Demir-Çelik,72021,IN,high,,,,https://taxation-customs.ec.europa.eu/document/download/3eb64513-8255-4c71-875a-bd0a8c7ff772_en
yüksek karbon ferromangan,IS-003,Ferromangan,Demir-Çelik,72021,IN,high,,,,https://taxation-customs.ec.europa.eu/document/download/3eb64513-8255-4c71-875a-bd0a8c7ff772_en
dusuk karbon ferrokrom,IS-004,Ferrokrom,Demir-Çelik,72024,IN,high,,,,https://taxation-customs.ec.europa.eu/document/download/3eb64513-8255-4c71-875a-bd0a8c7ff772_en
düşük karbon ferrokrom,IS-004,Ferrokrom,Demir-Çelik,72024,IN,high,,,,https://taxation-customs.ec.europa.eu/document/download/3eb64513-8255-4c71-875a-bd0a8c7ff772_en
fecr,IS-004,Ferrokrom,Demir-Çelik,72024,IN,high,,,,https://taxation-customs.ec.europa.eu/document/download/3eb64513-8255-4c71-875a-bd0a8c7ff772_en
ferro krom,IS-004,Ferrokrom,Demir-Çelik,72024,IN,high,,,,https://taxation-customs.ec.europa.eu/document/download/3eb64513-8255-4c71-875a-bd0a8c7ff772_en
ferrokrom,IS-004,Ferrokrom,Demir-Çelik,72024,IN,high,,,,https://taxation-customs.ec.europa.eu/document/download/3eb64513-8255-4c71-875a-bd0a8c7ff772_en
yuksek karbon ferrokrom,IS-004,Ferrokrom,Demir-Çelik,72024,IN,high,,,,https://taxation-customs.ec.europa.eu/document/download/3eb64513-8255-4c71-875a-bd0a8c7ff772_en
yüksek karbon ferrokrom,IS-004,Ferrokrom,Demir-Çelik,72024,IN,high,,,,https://taxation-customs.ec.europa.eu/document/download/3eb64513-8255-4c71-875a-bd0a8c7ff772_en
feni,IS-005,Ferronikel,Demir-Çelik,72026,IN,high,,,,https://taxation-customs.ec.europa.eu/document/download/3eb64513-8255-4c71-875a-bd0a8c7ff772_en
ferro nikel,IS-005,Ferronikel,Demir-Çelik,72026,IN,high,,,,https://taxation-customs.ec.europa.eu/document/download/3eb64513-8255-4c71-875a-bd0a8c7ff772_en
ferronikel,IS-005,Ferronikel,Demir-Çelik,72026,IN,high,,,,https://taxation-customs.ec.europa.eu/document/download/3eb64513-8255-4c71-875a-bd0a8c7ff772_en
direct reduced iron,IS-006,Sünger demir / DRI,Demir-Çelik,7203,IN,high,,,,https://taxation-customs.ec.europa.eu/document/download/3eb64513-8255-4c71-875a-bd0a8c7ff772_en
dogrudan indirgenmis demir,IS-006,Sünger demir / DRI,Demir-Çelik,7203,IN,high,,,,https://taxation-customs.ec.europa.eu/document/download/3eb64513-8255-4c71-875a-bd0a8c7ff772_en
doğrudan indirgenmiş demir,IS-006,Sünger demir / DRI,Demir-Çelik,7203,IN,high,,,,https://taxation-customs.ec.europa.eu/document/download/3eb64513-8255-4c71-875a-bd0a8c7ff772_en
dri,IS-006,Sünger demir / DRI,Demir-Çelik,7203,IN,high,,,,https://taxation-customs.ec.europa.eu/document/download/3eb64513-8255-4c71-875a-bd0a8c7ff772_en
hbi,IS-006,Sünger demir / DRI,Demir-Çelik,7203,IN,high,,,,https://taxation-customs.ec.europa.eu/document/download/3eb64513-8255-4c71-875a-bd0a8c7ff772_en
hot briquetted iron,IS-006,Sünger demir / DRI,Demir-Çelik,7203,IN,high,,,,https://taxation-customs.ec.europa.eu/document/download/3eb64513-8255-4c71-875a-bd0a8c7ff772_en
sunger demir,IS-006,Sünger demir / DRI,Demir-Çelik,7203,IN,high,,,,https://taxation-customs.ec.europa.eu/document/download/3eb64513-8255-4c71-875a-bd0a8c7ff772_en
sunger demir / dri,IS-006,Sünger demir / DRI,Demir-Çelik,7203,IN,high,,,,https://taxation-customs.ec.europa.eu/document/download/3eb64513-8255-4c71-875a-bd0a8c7ff772_en
sünger demir,IS-006,Sünger demir / DRI,Demir-Çelik,7203,IN,high,,,,https://taxation-customs.ec.europa.eu/document/download/3eb64513-8255-4c71-875a-bd0a8c7ff772_en
sünger demir / dri,IS-006,Sünger demir / DRI,Demir-Çelik,7203,IN,high,,,,https://taxation-customs.ec.europa.eu/document/download/3eb64513-8255-4c71-875a-bd0a8c7ff772_en
billet,IS-007,Çelik kütük / slab / blum,Demir-Çelik,7207|7218|7224,IN,high,"Paslanmaz mı, alaşımlı mı, alaşımsız mı? || Kesit şekli ve kimyasal bileşim nedir?",,,https://taxation-customs.ec.europa.eu/document/download/3eb64513-8255-4c71-875a-bd0a8c7ff772_en
bloom,IS-007,Çelik kütük / slab / blum,Demir-Çelik,7207|7218|7224,IN,high,"Paslanmaz mı, alaşımlı mı, alaşımsız mı? || Kesit şekli ve kimyasal bileşim nedir?",,,https://taxation-customs.ec.europa.eu/document/download/3eb64513-8255-4c71-875a-bd0a8c7ff772_en
blum,IS-007,Çelik kütük / slab / blum,Demir-Çelik,7207|7218|7224,IN,high,"Paslanmaz mı, alaşımlı mı, alaşımsız mı? || Kesit şekli ve kimyasal bileşim nedir?",,,https://taxation-customs.ec.europa.eu/document/download/3eb64513-8255-4c71-875a-bd0a8c7ff772_en
celik kutuk,IS-007,Çelik kütük / slab / blum,Demir-Çelik,7207|7218|7224,IN,high,"Paslanmaz mı, alaşımlı mı, alaşımsız mı? || Kesit şekli ve kimyasal bileşim nedir?",,,https://taxation-customs.ec.europa.eu/document/download/3eb64513-8255-4c71-875a-bd0a8c7ff772_en
celik kutuk / slab / blum,IS-007,Çelik kütük / slab / blum,Demir-Çelik,7207|7218|7224,IN,high,"Paslanmaz mı, alaşımlı mı, alaşımsız mı? || Kesit şekli ve kimyasal bileşim nedir?",,,https://taxation-customs.ec.europa.eu/document/download/3eb64513-8255-4c71-875a-bd0a8c7ff772_en
slab,IS-007,Çelik kütük / slab / blum,Demir-Çelik,7207|7218|7224,IN,high,"Paslanmaz mı, alaşımlı mı, alaşımsız mı? || Kesit şekli ve kimyasal bileşim nedir?",,,https://taxation-customs.ec.europa.eu/document/download/3eb64513-8255-4c71-875a-bd0a8c7ff772_en
steel billet,IS-007,Çelik kütük / slab / blum,Demir-Çelik,7207|7218|7224,IN,high,"Paslanmaz mı, alaşımlı mı, alaşımsız mı? || Kesit şekli ve kimyasal bileşim nedir?",,,https://taxation-customs.ec.europa.eu/document/download/3eb64513-8255-4c71-875a-bd0a8c7ff772_en
yari mamul celik,IS-007,Çelik kütük / slab / blum,Demir-Çelik,7207|7218|7224,IN,high,"Paslanmaz mı, alaşımlı mı, alaşımsız mı? || Kesit şekli ve kimyasal bileşim nedir?",,,https://taxation-customs.ec.europa.eu/document/download/3eb64513-8255-4c71-875a-bd0a8c7ff772_en
yarı mamul çelik,IS-007,Çelik kütük / slab / blum,Demir-Çelik,7207|7218|7224,IN,high,"Paslanmaz mı, alaşımlı mı, alaşımsız mı? || Kesit şekli ve kimyasal bileşim nedir?",,,https://taxation-customs.ec.europa.eu/document/download/3eb64513-8255-4c71-875a-bd0a8c7ff772_en
çelik kütük,IS-007,Çelik kütük / slab / blum,Demir-Çelik,7207|7218|7224,IN,high,"Paslanmaz mı, alaşımlı mı, alaşımsız mı? || Kesit şekli ve kimyasal bileşim nedir?",,,https://taxation-customs.ec.europa.eu/document/download/3eb64513-8255-4c71-875a-bd0a8c7ff772_en
çelik kütük / slab / blum,IS-007,Çelik kütük / slab / blum,Demir-Çelik,7207|7218|7224,IN,high,"Paslanmaz mı, alaşımlı mı, alaşımsız mı? || Kesit şekli ve kimyasal bileşim nedir?",,,https://taxation-customs.ec.europa.eu/document/download/3eb64513-8255-4c71-875a-bd0a8c7ff772_en
hot rolled coil,IS-008,Sıcak haddelenmiş sac / rulo,Demir-Çelik,7208,IN,high,Genişlik 600 mm veya daha fazla mı? || Kaplı/galvanizli mi?,,,https://taxation-customs.ec.europa.eu/document/download/3eb64513-8255-4c71-875a-bd0a8c7ff772_en
hrc,IS-008,Sıcak haddelenmiş sac / rulo,Demir-Çelik,7208,IN,high,Genişlik 600 mm veya daha fazla mı? || Kaplı/galvanizli mi?,,,https://taxation-customs.ec.europa.eu/document/download/3eb64513-8255-4c71-875a-bd0a8c7ff772_en
rulo sac,IS-008,Sıcak haddelenmiş sac / rulo,Demir-Çelik,7208,IN,high,Genişlik 600 mm veya daha fazla mı? || Kaplı/galvanizli mi?,,,https://taxation-customs.ec.europa.eu/document/download/3eb64513-8255-4c71-875a-bd0a8c7ff772_en
sicak haddelenmis sac,IS-008,Sıcak haddelenmiş sac / rulo,Demir-Çelik,7208,IN,high,Genişlik 600 mm veya daha fazla mı? || Kaplı/galvanizli mi?,,,https://taxation-customs.ec.europa.eu/document/download/3eb64513-8255-4c71-875a-bd0a8c7ff772_en
sicak haddelenmis sac / rulo,IS-008,Sıcak haddelenmiş sac / rulo,Demir-Çelik,7208,IN,high,Genişlik 600 mm veya daha fazla mı? || Kaplı/galvanizli mi?,,,https://taxation-customs.ec.europa.eu/document/download/3eb64513-8255-4c71-875a-bd0a8c7ff772_en
sicak rulo,IS-008,Sıcak haddelenmiş sac / rulo,Demir-Çelik,7208,IN,high,Genişlik 600 mm veya daha fazla mı? || Kaplı/galvanizli mi?,,,https://taxation-customs.ec.europa.eu/document/download/3eb64513-8255-4c71-875a-bd0a8c7ff772_en
sicak sac,IS-008,Sıcak haddelenmiş sac / rulo,Demir-Çelik,7208,IN,high,Genişlik 600 mm veya daha fazla mı? || Kaplı/galvanizli mi?,,,https://taxation-customs.ec.europa.eu/document/download/3eb64513-8255-4c71-875a-bd0a8c7ff772_en
siyah sac,IS-008,Sıcak haddelenmiş sac / rulo,Demir-Çelik,7208,IN,high,Genişlik 600 mm veya daha fazla mı? || Kaplı/galvanizli mi?,,,https://taxation-customs.ec.europa.eu/document/download/3eb64513-8255-4c71-875a-bd0a8c7ff772_en
sıcak haddelenmiş sac,IS-008,Sıcak haddelenmiş sac / rulo,Demir-Çelik,7208,IN,high,Genişlik 600 mm veya daha fazla mı? || Kaplı/galvanizli mi?,,,https://taxation-customs.ec.europa.eu/document/download/3eb64513-8255-4c71-875a-bd0a8c7ff772_en
sıcak haddelenmiş sac / rulo,IS-008,Sıcak haddelenmiş sac / rulo,Demir-Çelik,7208,IN,high,Genişlik 600 mm veya daha fazla mı? || Kaplı/galvanizli mi?,,,https://taxation-customs.ec.europa.eu/document/download/3eb64513-8255-4c71-875a-bd0a8c7ff772_en
sıcak rulo,IS-008,Sıcak haddelenmiş sac / rulo,Demir-Çelik,7208,IN,high,Genişlik 600 mm veya daha fazla mı? || Kaplı/galvanizli mi?,,,https://taxation-customs.ec.europa.eu/document/download/3eb64513-8255-4c71-875a-bd0a8c7ff772_en
sıcak sac,IS-008,Sıcak haddelenmiş sac / rulo,Demir-Çelik,7208,IN,high,Genişlik 600 mm veya daha fazla mı? || Kaplı/galvanizli mi?,,,https://taxation-customs.ec.europa.eu/document/download/3eb64513-8255-4c71-875a-bd0a8c7ff772_en
cold rolled coil,IS-009,Soğuk haddelenmiş sac / rulo,Demir-Çelik,7209,IN,high,Genişlik 600 mm veya daha fazla mı? || Kaplı mı?,,,https://taxation-customs.ec.europa.eu/document/download/3eb64513-8255-4c71-875a-bd0a8c7ff772_en
crc,IS-009,Soğuk haddelenmiş sac / rulo,Demir-Çelik,7209,IN,high,Genişlik 600 mm veya daha fazla mı? || Kaplı mı?,,,https://taxation-customs.ec.europa.eu/document/download/3eb64513-8255-4c71-875a-bd0a8c7ff772_en
dkp sac,IS-009,Soğuk haddelenmiş sac / rulo,Demir-Çelik,7209,IN,high,Genişlik 600 mm veya daha fazla mı? || Kaplı mı?,,,https://taxation-customs.ec.europa.eu/document/download/3eb64513-8255-4c71-875a-bd0a8c7ff772_en
soguk haddelenmis sac,IS-009,Soğuk haddelenmiş sac / rulo,Demir-Çelik,7209,IN,high,Genişlik 600 mm veya daha fazla mı? || Kaplı mı?,,,https://taxation-customs.ec.europa.eu/document/download/3eb64513-8255-4c71-875a-bd0a8c7ff772_en
soguk haddelenmis sac / rulo,IS-009,Soğuk haddelenmiş sac / rulo,Demir-Çelik,7209,IN,high,Genişlik 600 mm veya daha fazla mı? || Kaplı mı?,,,https://taxation-customs.ec.europa.eu/document/download/3eb64513-8255-4c71-875a-bd0a8c7ff772_en
soguk rulo,IS-009,Soğuk haddelenmiş sac / rulo,Demir-Çelik,7209,IN,high,Genişlik 600 mm veya daha fazla mı? || Kaplı mı?,,,https://taxation-customs.ec.europa.eu/document/download/3eb64513-8255-4c71-875a-bd0a8c7ff772_en
soguk sac,IS-009,Soğuk haddelenmiş sac / rulo,Demir-Çelik,7209,IN,high,Genişlik 600 mm veya daha fazla mı? || Kaplı mı?,,,https://taxation-customs.ec.europa.eu/document/download/3eb64513-8255-4c71-875a-bd0a8c7ff772_en
soğuk haddelenmiş sac,IS-009,Soğuk haddelenmiş sac / rulo,Demir-Çelik,7209,IN,high,Genişlik 600 mm veya daha fazla mı? || Kaplı mı?,,,https://taxation-customs.ec.europa.eu/document/download/3eb64513-8255-4c71-875a-bd0a8c7ff772_en
soğuk haddelenmiş sac / rulo,IS-009,Soğuk haddelenmiş sac / rulo,Demir-Çelik,7209,IN,high,Genişlik 600 mm veya daha fazla mı? || Kaplı mı?,,,https://taxation-customs.ec.europa.eu/document/download/3eb64513-8255-4c71-875a-bd0a8c7ff772_en
soğuk rulo,IS-009,Soğuk haddelenmiş sac / rulo,Demir-Çelik,7209,IN,high,Genişlik 600 mm veya daha fazla mı? || Kaplı mı?,,,https://taxation-customs.ec.europa.eu/document/download/3eb64513-8255-4c71-875a-bd0a8c7ff772_en
soğuk sac,IS-009,Soğuk haddelenmiş sac / rulo,Demir-Çelik,7209,IN,high,Genişlik 600 mm veya daha fazla mı? || Kaplı mı?,,,https://taxation-customs.ec.europa.eu/document/download/3eb64513-8255-4c71-875a-bd0a8c7ff772_en
boyali sac,IS-010,Galvanizli / kaplı sac,Demir-Çelik,7210,IN,high,Genişlik 600 mm veya daha fazla mı? || Kaplama türü nedir?,,,https://taxation-customs.ec.europa.eu/document/download/3eb64513-8255-4c71-875a-bd0a8c7ff772_en
boyalı sac,IS-010,Galvanizli / kaplı sac,Demir-Çelik,7210,IN,high,Genişlik 600 mm veya daha fazla mı? || Kaplama türü nedir?,,,https://taxation-customs.ec.europa.eu/document/download/3eb64513-8255-4c71-875a-bd0a8c7ff772_en
galvaniz sac,IS-010,Galvanizli / kaplı sac,Demir-Çelik,7210,IN,high,Genişlik 600 mm veya daha fazla mı? || Kaplama türü nedir?,,,https://taxation-customs.ec.europa.eu/document/download/3eb64513-8255-4c71-875a-bd0a8c7ff772_en
galvanizli / kapli sac,IS-010,Galvanizli / kaplı sac,Demir-Çelik,7210,IN,high,Genişlik 600 mm veya daha fazla mı? || Kaplama türü nedir?,,,https://taxation-customs.ec.europa.eu/document/download/3eb64513-8255-4c71-875a-bd0a8c7ff772_en
galvanizli / kaplı sac,IS-010,Galvanizli / kaplı sac,Demir-Çelik,7210,IN,high,Genişlik 600 mm veya daha fazla mı? || Kaplama türü nedir?,,,https://taxation-customs.ec.europa.eu/document/download/3eb64513-8255-4c71-875a-bd0a8c7ff772_en
galvanizli sac,IS-010,Galvanizli / kaplı sac,Demir-Çelik,7210,IN,high,Genişlik 600 mm veya daha fazla mı? || Kaplama türü nedir?,,,https://taxation-customs.ec.europa.eu/document/download/3eb64513-8255-4c71-875a-bd0a8c7ff772_en
gi coil,IS-010,Galvanizli / kaplı sac,Demir-Çelik,7210,IN,high,Genişlik 600 mm veya daha fazla mı? || Kaplama türü nedir?,,,https://taxation-customs.ec.europa.eu/document/download/3eb64513-8255-4c71-875a-bd0a8c7ff772_en
kapli sac,IS-010,Galvanizli / kaplı sac,Demir-Çelik,7210,IN,high,Genişlik 600 mm veya daha fazla mı? || Kaplama türü nedir?,,,https://taxation-customs.ec.europa.eu/document/download/3eb64513-8255-4c71-875a-bd0a8c7ff772_en
kaplı sac,IS-010,Galvanizli / kaplı sac,Demir-Çelik,7210,IN,high,Genişlik 600 mm veya daha fazla mı? || Kaplama türü nedir?,,,https://taxation-customs.ec.europa.eu/document/download/3eb64513-8255-4c71-875a-bd0a8c7ff772_en
ppgi,IS-010,Galvanizli / kaplı sac,Demir-Çelik,7210,IN,high,Genişlik 600 mm veya daha fazla mı? || Kaplama türü nedir?,,,https://taxation-customs.ec.europa.eu/document/download/3eb64513-8255-4c71-875a-bd0a8c7ff772_en
zinc coated steel,IS-010,Galvanizli / kaplı sac,Demir-Çelik,7210,IN,high,Genişlik 600 mm veya daha fazla mı? || Kaplama türü nedir?,,,https://taxation-customs.ec.europa.eu/document/download/3eb64513-8255-4c71-875a-bd0a8c7ff772_en
celik serit,IS-011,Dar çelik şerit,Demir-Çelik,7211|7212,IN,medium,Genişlik 600 mm altında mı? || Kaplı mı?,,,https://taxation-customs.ec.europa.eu/document/download/3eb64513-8255-4c71-875a-bd0a8c7ff772_en
dar bant sac,IS-011,Dar çelik şerit,Demir-Çelik,7211|7212,IN,medium,Genişlik 600 mm altında mı? || Kaplı mı?,,,https://taxation-customs.ec.europa.eu/document/download/3eb64513-8255-4c71-875a-bd0a8c7ff772_en
dar celik serit,IS-011,Dar çelik şerit,Demir-Çelik,7211|7212,IN,medium,Genişlik 600 mm altında mı? || Kaplı mı?,,,https://taxation-customs.ec.europa.eu/document/download/3eb64513-8255-4c71-875a-bd0a8c7ff772_en
dar rulo,IS-011,Dar çelik şerit,Demir-Çelik,7211|7212,IN,medium,Genişlik 600 mm altında mı? || Kaplı mı?,,,https://taxation-customs.ec.europa.eu/document/download/3eb64513-8255-4c71-875a-bd0a8c7ff772_en
dar çelik şerit,IS-011,Dar çelik şerit,Demir-Çelik,7211|7212,IN,medium,Genişlik 600 mm altında mı? || Kaplı mı?,,,https://taxation-customs.ec.europa.eu/document/download/3eb64513-8255-4c71-875a-bd0a8c7ff772_en
slit coil,IS-011,Dar çelik şerit,Demir-Çelik,7211|7212,IN,medium,Genişlik 600 mm altında mı? || Kaplı mı?,,,https://taxation-customs.ec.europa.eu/document/download/3eb64513-8255-4c71-875a-bd0a8c7ff772_en
steel strip,IS-011,Dar çelik şerit,Demir-Çelik,7211|7212,IN,medium,Genişlik 600 mm altında mı? || Kaplı mı?,,,https://taxation-customs.ec.europa.eu/document/download/3eb64513-8255-4c71-875a-bd0a8c7ff772_en
çelik şerit,IS-011,Dar çelik şerit,Demir-Çelik,7211|7212,IN,medium,Genişlik 600 mm altında mı? || Kaplı mı?,,,https://taxation-customs.ec.europa.eu/document/download/3eb64513-8255-4c71-875a-bd0a8c7ff772_en
celik filmasin,IS-012,Filmaşin,Demir-Çelik,7213,IN,high,,,,https://taxation-customs.ec.europa.eu/document/download/3eb64513-8255-4c71-875a-bd0a8c7ff772_en
filmasin,IS-012,Filmaşin,Demir-Çelik,7213,IN,high,,,,https://taxation-customs.ec.europa.eu/document/download/3eb64513-8255-4c71-875a-bd0a8c7ff772_en
filmaşin,IS-012,Filmaşin,Demir-Çelik,7213,IN,high,,,,https://taxation-customs.ec.europa.eu/document/download/3eb64513-8255-4c71-875a-bd0a8c7ff772_en
kangaldan cubuk,IS-012,Filmaşin,Demir-Çelik,7213,IN,high,,,,https://taxation-customs.ec.europa.eu/document/download/3eb64513-8255-4c71-875a-bd0a8c7ff772_en
kangaldan çubuk,IS-012,Filmaşin,Demir-Çelik,7213,IN,high,,,,https://taxation-customs.ec.europa.eu/document/download/3eb64513-8255-4c71-875a-bd0a8c7ff772_en
nervurlu filmasin,IS-012,Filmaşin,Demir-Çelik,7213,IN,high,,,,https://taxation-customs.ec.europa.eu/document/download/3eb64513-8255-4c71-875a-bd0a8c7ff772_en
nervürlü filmaşin,IS-012,Filmaşin,Demir-Çelik,7213,IN,high,,,,https://taxation-customs.ec.europa.eu/document/download/3eb64513-8255-4c71-875a-bd0a8c7ff772_en
wire rod,IS-012,Filmaşin,Demir-Çelik,7213,IN,high,,,,https://taxation-customs.ec.europa.eu/document/download/3eb64513-8255-4c71-875a-bd0a8c7ff772_en
çelik filmaşin,IS-012,Filmaşin,Demir-Çelik,7213,IN,high,,,,https://taxation-customs.ec.europa.eu/document/download/3eb64513-8255-4c71-875a-bd0a8c7ff772_en
beton celigi,IS-013,İnşaat demiri / nervürlü çubuk,Demir-Çelik,7214,IN,high,Kangal halinde mi yoksa düz boy mu? || Alaşımlı/paslanmaz mı?,,,https://taxation-customs.ec.europa.eu/document/download/3eb64513-8255-4c71-875a-bd0a8c7ff772_en
beton çeliği,IS-013,İnşaat demiri / nervürlü çubuk,Demir-Çelik,7214,IN,high,Kangal halinde mi yoksa düz boy mu? || Alaşımlı/paslanmaz mı?,,,https://taxation-customs.ec.europa.eu/document/download/3eb64513-8255-4c71-875a-bd0a8c7ff772_en
betonarme demiri,IS-013,İnşaat demiri / nervürlü çubuk,Demir-Çelik,7214,IN,high,Kangal halinde mi yoksa düz boy mu? || Alaşımlı/paslanmaz mı?,,,https://taxation-customs.ec.europa.eu/document/download/3eb64513-8255-4c71-875a-bd0a8c7ff772_en
demir cubuk,IS-013,İnşaat demiri / nervürlü çubuk,Demir-Çelik,7214,IN,high,Kangal halinde mi yoksa düz boy mu? || Alaşımlı/paslanmaz mı?,,,https://taxation-customs.ec.europa.eu/document/download/3eb64513-8255-4c71-875a-bd0a8c7ff772_en
demir çubuk,IS-013,İnşaat demiri / nervürlü çubuk,Demir-Çelik,7214,IN,high,Kangal halinde mi yoksa düz boy mu? || Alaşımlı/paslanmaz mı?,,,https://taxation-customs.ec.europa.eu/document/download/3eb64513-8255-4c71-875a-bd0a8c7ff772_en
insaat demiri,IS-013,İnşaat demiri / nervürlü çubuk,Demir-Çelik,7214,IN,high,Kangal halinde mi yoksa düz boy mu? || Alaşımlı/paslanmaz mı?,,,https://taxation-customs.ec.europa.eu/document/download/3eb64513-8255-4c71-875a-bd0a8c7ff772_en
insaat demiri / nervurlu cubuk,IS-013,İnşaat demiri / nervürlü çubuk,Demir-Çelik,7214,IN,high,Kangal halinde mi yoksa düz boy mu? || Alaşımlı/paslanmaz mı?,,,https://taxation-customs.ec.europa.eu/document/download/3eb64513-8255-4c71-875a-bd0a8c7ff772_en
inşaat demiri,IS-013,İnşaat demiri / nervürlü çubuk,Demir-Çelik,7214,IN,high,Kangal halinde mi yoksa düz boy mu? || Alaşımlı/paslanmaz mı?,,,https://taxation-customs.ec.europa.eu/document/download/3eb64513-8255-4c71-875a-bd0a8c7ff772_en
i̇nşaat demiri / nervürlü çubuk,IS-013,İnşaat demiri / nervürlü çubuk,Demir-Çelik,7214,IN,high,Kangal halinde mi yoksa düz boy mu? || Alaşımlı/paslanmaz mı?,,,https://taxation-customs.ec.europa.eu/document/download/3eb64513-8255-4c71-875a-bd0a8c7ff772_en
nervurlu celik,IS-013,İnşaat demiri / nervürlü çubuk,Demir-Çelik,7214,IN,high,Kangal halinde mi yoksa düz boy mu? || Alaşımlı/paslanmaz mı?,,,https://taxation-customs.ec.europa.eu/document/download/3eb64513-8255-4c71-875a-bd0a8c7ff772_en
nervurlu demir,IS-013,İnşaat demiri / nervürlü çubuk,Demir-Çelik,7214,IN,high,Kangal halinde mi yoksa düz boy mu? || Alaşımlı/paslanmaz mı?,,,https://taxation-customs.ec.europa.eu/document/download/3eb64513-8255-4c71-875a-bd0a8c7ff772_en
nervürlü demir,IS-013,İnşaat demiri / nervürlü çubuk,Demir-Çelik,7214,IN,high,Kangal halinde mi yoksa düz boy mu? || Alaşımlı/paslanmaz mı?,,,https://taxation-customs.ec.europa.eu/document/download/3eb64513-8255-4c71-875a-bd0a8c7ff772_en
nervürlü çelik,IS-013,İnşaat demiri / nervürlü çubuk,Demir-Çelik,7214,IN,high,Kangal halinde mi yoksa düz boy mu? || Alaşımlı/paslanmaz mı?,,,https://taxation-customs.ec.europa.eu/document/download/3eb64513-8255-4c71-875a-bd0a8c7ff772_en
rebar,IS-013,İnşaat demiri / nervürlü çubuk,Demir-Çelik,7214,IN,high,Kangal halinde mi yoksa düz boy mu? || Alaşımlı/paslanmaz mı?,,,https://taxation-customs.ec.europa.eu/document/download/3eb64513-8255-4c71-875a-bd0a8c7ff772_en
cekme celik,IS-014,Çelik çubuk,Demir-Çelik,7215,IN,medium,"Sıcak haddelenmiş mi, soğuk işlenmiş mi? || Kesit şekli nedir?",,,https://taxation-customs.ec.europa.eu/document/download/3eb64513-8255-4c71-875a-bd0a8c7ff772_en
celik cubuk,IS-014,Çelik çubuk,Demir-Çelik,7215,IN,medium,"Sıcak haddelenmiş mi, soğuk işlenmiş mi? || Kesit şekli nedir?",,,https://taxation-customs.ec.europa.eu/document/download/3eb64513-8255-4c71-875a-bd0a8c7ff772_en
celik mil,IS-014,Çelik çubuk,Demir-Çelik,7215,IN,medium,"Sıcak haddelenmiş mi, soğuk işlenmiş mi? || Kesit şekli nedir?",,,https://taxation-customs.ec.europa.eu/document/download/3eb64513-8255-4c71-875a-bd0a8c7ff772_en
hex bar,IS-014,Çelik çubuk,Demir-Çelik,7215,IN,medium,"Sıcak haddelenmiş mi, soğuk işlenmiş mi? || Kesit şekli nedir?",,,https://taxation-customs.ec.europa.eu/document/download/3eb64513-8255-4c71-875a-bd0a8c7ff772_en
kare demir,IS-014,Çelik çubuk,Demir-Çelik,7215,IN,medium,"Sıcak haddelenmiş mi, soğuk işlenmiş mi? || Kesit şekli nedir?",,,https://taxation-customs.ec.europa.eu/document/download/3eb64513-8255-4c71-875a-bd0a8c7ff772_en
lama demir,IS-014,Çelik çubuk,Demir-Çelik,7215,IN,medium,"Sıcak haddelenmiş mi, soğuk işlenmiş mi? || Kesit şekli nedir?",,,https://taxation-customs.ec.europa.eu/document/download/3eb64513-8255-4c71-875a-bd0a8c7ff772_en
parlak celik,IS-014,Çelik çubuk,Demir-Çelik,7215,IN,medium,"Sıcak haddelenmiş mi, soğuk işlenmiş mi? || Kesit şekli nedir?",,,https://taxation-customs.ec.europa.eu/document/download/3eb64513-8255-4c71-875a-bd0a8c7ff772_en
parlak çelik,IS-014,Çelik çubuk,Demir-Çelik,7215,IN,medium,"Sıcak haddelenmiş mi, soğuk işlenmiş mi? || Kesit şekli nedir?",,,https://taxation-customs.ec.europa.eu/document/download/3eb64513-8255-4c71-875a-bd0a8c7ff772_en
yuvarlak celik,IS-014,Çelik çubuk,Demir-Çelik,7215,IN,medium,"Sıcak haddelenmiş mi, soğuk işlenmiş mi? || Kesit şekli nedir?",,,https://taxation-customs.ec.europa.eu/document/download/3eb64513-8255-4c71-875a-bd0a8c7ff772_en
yuvarlak çelik,IS-014,Çelik çubuk,Demir-Çelik,7215,IN,medium,"Sıcak haddelenmiş mi, soğuk işlenmiş mi? || Kesit şekli nedir?",,,https://taxation-customs.ec.europa.eu/document/download/3eb64513-8255-4c71-875a-bd0a8c7ff772_en
çekme çelik,IS-014,Çelik çubuk,Demir-Çelik,7215,IN,medium,"Sıcak haddelenmiş mi, soğuk işlenmiş mi? || Kesit şekli nedir?",,,https://taxation-customs.ec.europa.eu/document/download/3eb64513-8255-4c71-875a-bd0a8c7ff772_en
çelik mil,IS-014,Çelik çubuk,Demir-Çelik,7215,IN,medium,"Sıcak haddelenmiş mi, soğuk işlenmiş mi? || Kesit şekli nedir?",,,https://taxation-customs.ec.europa.eu/document/download/3eb64513-8255-4c71-875a-bd0a8c7ff772_en
çelik çubuk,IS-014,Çelik çubuk,Demir-Çelik,7215,IN,medium,"Sıcak haddelenmiş mi, soğuk işlenmiş mi? || Kesit şekli nedir?",,,https://taxation-customs.ec.europa.eu/document/download/3eb64513-8255-4c71-875a-bd0a8c7ff772_en
angle iron,IS-015,Çelik profil / köşebent / I-H-U profil,Demir-Çelik,7216,IN,high,İçi boş profil mi? || Yapıda kullanıma özel hazırlanmış mı?,,,https://taxation-customs.ec.europa.eu/document/download/3eb64513-8255-4c71-875a-bd0a8c7ff772_en
celik profil,IS-015,Çelik profil / köşebent / I-H-U profil,Demir-Çelik,7216,IN,high,İçi boş profil mi? || Yapıda kullanıma özel hazırlanmış mı?,,,https://taxation-customs.ec.europa.eu/document/download/3eb64513-8255-4c71-875a-bd0a8c7ff772_en
celik profil / kosebent / i-h-u profil,IS-015,Çelik profil / köşebent / I-H-U profil,Demir-Çelik,7216,IN,high,İçi boş profil mi? || Yapıda kullanıma özel hazırlanmış mı?,,,https://taxation-customs.ec.europa.eu/document/download/3eb64513-8255-4c71-875a-bd0a8c7ff772_en
demir profil,IS-015,Çelik profil / köşebent / I-H-U profil,Demir-Çelik,7216,IN,high,İçi boş profil mi? || Yapıda kullanıma özel hazırlanmış mı?,,,https://taxation-customs.ec.europa.eu/document/download/3eb64513-8255-4c71-875a-bd0a8c7ff772_en
h profil,IS-015,Çelik profil / köşebent / I-H-U profil,Demir-Çelik,7216,IN,high,İçi boş profil mi? || Yapıda kullanıma özel hazırlanmış mı?,,,https://taxation-customs.ec.europa.eu/document/download/3eb64513-8255-4c71-875a-bd0a8c7ff772_en
hea,IS-015,Çelik profil / köşebent / I-H-U profil,Demir-Çelik,7216,IN,high,İçi boş profil mi? || Yapıda kullanıma özel hazırlanmış mı?,,,https://taxation-customs.ec.europa.eu/document/download/3eb64513-8255-4c71-875a-bd0a8c7ff772_en
heb,IS-015,Çelik profil / köşebent / I-H-U profil,Demir-Çelik,7216,IN,high,İçi boş profil mi? || Yapıda kullanıma özel hazırlanmış mı?,,,https://taxation-customs.ec.europa.eu/document/download/3eb64513-8255-4c71-875a-bd0a8c7ff772_en
i profil,IS-015,Çelik profil / köşebent / I-H-U profil,Demir-Çelik,7216,IN,high,İçi boş profil mi? || Yapıda kullanıma özel hazırlanmış mı?,,,https://taxation-customs.ec.europa.eu/document/download/3eb64513-8255-4c71-875a-bd0a8c7ff772_en
ipe,IS-015,Çelik profil / köşebent / I-H-U profil,Demir-Çelik,7216,IN,high,İçi boş profil mi? || Yapıda kullanıma özel hazırlanmış mı?,,,https://taxation-customs.ec.europa.eu/document/download/3eb64513-8255-4c71-875a-bd0a8c7ff772_en
kosebent,IS-015,Çelik profil / köşebent / I-H-U profil,Demir-Çelik,7216,IN,high,İçi boş profil mi? || Yapıda kullanıma özel hazırlanmış mı?,,,https://taxation-customs.ec.europa.eu/document/download/3eb64513-8255-4c71-875a-bd0a8c7ff772_en
köşebent,IS-015,Çelik profil / köşebent / I-H-U profil,Demir-Çelik,7216,IN,high,İçi boş profil mi? || Yapıda kullanıma özel hazırlanmış mı?,,,https://taxation-customs.ec.europa.eu/document/download/3eb64513-8255-4c71-875a-bd0a8c7ff772_en
lama profil,IS-015,Çelik profil / köşebent / I-H-U profil,Demir-Çelik,7216,IN,high,İçi boş profil mi? || Yapıda kullanıma özel hazırlanmış mı?,,,https://taxation-customs.ec.europa.eu/document/download/3eb64513-8255-4c71-875a-bd0a8c7ff772_en
npi,IS-015,Çelik profil / köşebent / I-H-U profil,Demir-Çelik,7216,IN,high,İçi boş profil mi? || Yapıda kullanıma özel hazırlanmış mı?,,,https://taxation-customs.ec.europa.eu/document/download/3eb64513-8255-4c71-875a-bd0a8c7ff772_en
npu,IS-015,Çelik profil / köşebent / I-H-U profil,Demir-Çelik,7216,IN,high,İçi boş profil mi? || Yapıda kullanıma özel hazırlanmış mı?,,,https://taxation-customs.ec.europa.eu/document/download/3eb64513-8255-4c71-875a-bd0a8c7ff772_en
u profil,IS-015,Çelik profil / köşebent / I-H-U profil,Demir-Çelik,7216,IN,high,İçi boş profil mi? || Yapıda kullanıma özel hazırlanmış mı?,,,https://taxation-customs.ec.europa.eu/document/download/3eb64513-8255-4c71-875a-bd0a8c7ff772_en
çelik profil,IS-015,Çelik profil / köşebent / I-H-U profil,Demir-Çelik,7216,IN,high,İçi boş profil mi? || Yapıda kullanıma özel hazırlanmış mı?,,,https://taxation-customs.ec.europa.eu/document/download/3eb64513-8255-4c71-875a-bd0a8c7ff772_en
çelik profil / köşebent / i-h-u profil,IS-015,Çelik profil / köşebent / I-H-U profil,Demir-Çelik,7216,IN,high,İçi boş profil mi? || Yapıda kullanıma özel hazırlanmış mı?,,,https://taxation-customs.ec.europa.eu/document/download/3eb64513-8255-4c71-875a-bd0a8c7ff772_en
ı profil,IS-015,Çelik profil / köşebent / I-H-U profil,Demir-Çelik,7216,IN,high,İçi boş profil mi? || Yapıda kullanıma özel hazırlanmış mı?,,,https://taxation-customs.ec.europa.eu/document/download/3eb64513-8255-4c71-875a-bd0a8c7ff772_en
bag teli,IS-016,Çelik tel,Demir-Çelik,7217,IN,medium,Paslanmaz/alaşımlı mı? || Örgü/çit haline getirilmiş mi?,,,https://taxation-customs.ec.europa.eu/document/download/3eb64513-8255-4c71-875a-bd0a8c7ff772_en
bağ teli,IS-016,Çelik tel,Demir-Çelik,7217,IN,medium,Paslanmaz/alaşımlı mı? || Örgü/çit haline getirilmiş mi?,,,https://taxation-customs.ec.europa.eu/document/download/3eb64513-8255-4c71-875a-bd0a8c7ff772_en
celik tel,IS-016,Çelik tel,Demir-Çelik,7217,IN,medium,Paslanmaz/alaşımlı mı? || Örgü/çit haline getirilmiş mi?,,,https://taxation-customs.ec.europa.eu/document/download/3eb64513-8255-4c71-875a-bd0a8c7ff772_en
demir tel,IS-016,Çelik tel,Demir-Çelik,7217,IN,medium,Paslanmaz/alaşımlı mı? || Örgü/çit haline getirilmiş mi?,,,https://taxation-customs.ec.europa.eu/document/download/3eb64513-8255-4c71-875a-bd0a8c7ff772_en
soguk cekme tel,IS-016,Çelik tel,Demir-Çelik,7217,IN,medium,Paslanmaz/alaşımlı mı? || Örgü/çit haline getirilmiş mi?,,,https://taxation-customs.ec.europa.eu/document/download/3eb64513-8255-4c71-875a-bd0a8c7ff772_en
soğuk çekme tel,IS-016,Çelik tel,Demir-Çelik,7217,IN,medium,Paslanmaz/alaşımlı mı? || Örgü/çit haline getirilmiş mi?,,,https://taxation-customs.ec.europa.eu/document/download/3eb64513-8255-4c71-875a-bd0a8c7ff772_en
wire steel,IS-016,Çelik tel,Demir-Çelik,7217,IN,medium,Paslanmaz/alaşımlı mı? || Örgü/çit haline getirilmiş mi?,,,https://taxation-customs.ec.europa.eu/document/download/3eb64513-8255-4c71-875a-bd0a8c7ff772_en
çelik tel,IS-016,Çelik tel,Demir-Çelik,7217,IN,medium,Paslanmaz/alaşımlı mı? || Örgü/çit haline getirilmiş mi?,,,https://taxation-customs.ec.europa.eu/document/download/3eb64513-8255-4c71-875a-bd0a8c7ff772_en
304 sac,IS-017,Paslanmaz sac geniş,Demir-Çelik,7219,IN,high,Genişlik 600 mm veya daha fazla mı?,,,https://taxation-customs.ec.europa.eu/document/download/3eb64513-8255-4c71-875a-bd0a8c7ff772_en
316 sac,IS-017,Paslanmaz sac geniş,Demir-Çelik,7219,IN,high,Genişlik 600 mm veya daha fazla mı?,,,https://taxation-customs.ec.europa.eu/document/download/3eb64513-8255-4c71-875a-bd0a8c7ff772_en
inox sac,IS-017,Paslanmaz sac geniş,Demir-Çelik,7219,IN,high,Genişlik 600 mm veya daha fazla mı?,,,https://taxation-customs.ec.europa.eu/document/download/3eb64513-8255-4c71-875a-bd0a8c7ff772_en
paslanmaz rulo,IS-017,Paslanmaz sac geniş,Demir-Çelik,7219,IN,high,Genişlik 600 mm veya daha fazla mı?,,,https://taxation-customs.ec.europa.eu/document/download/3eb64513-8255-4c71-875a-bd0a8c7ff772_en
paslanmaz sac,IS-017,Paslanmaz sac geniş,Demir-Çelik,7219,IN,high,Genişlik 600 mm veya daha fazla mı?,,,https://taxation-customs.ec.europa.eu/document/download/3eb64513-8255-4c71-875a-bd0a8c7ff772_en
paslanmaz sac genis,IS-017,Paslanmaz sac geniş,Demir-Çelik,7219,IN,high,Genişlik 600 mm veya daha fazla mı?,,,https://taxation-customs.ec.europa.eu/document/download/3eb64513-8255-4c71-875a-bd0a8c7ff772_en
paslanmaz sac geniş,IS-017,Paslanmaz sac geniş,Demir-Çelik,7219,IN,high,Genişlik 600 mm veya daha fazla mı?,,,https://taxation-customs.ec.europa.eu/document/download/3eb64513-8255-4c71-875a-bd0a8c7ff772_en
stainless coil,IS-017,Paslanmaz sac geniş,Demir-Çelik,7219,IN,high,Genişlik 600 mm veya daha fazla mı?,,,https://taxation-customs.ec.europa.eu/document/download/3eb64513-8255-4c71-875a-bd0a8c7ff772_en
inox serit,IS-018,Paslanmaz şerit dar,Demir-Çelik,7220,IN,high,Genişlik 600 mm altında mı?,,,https://taxation-customs.ec.europa.eu/document/download/3eb64513-8255-4c71-875a-bd0a8c7ff772_en
inox şerit,IS-018,Paslanmaz şerit dar,Demir-Çelik,7220,IN,high,Genişlik 600 mm altında mı?,,,https://taxation-customs.ec.europa.eu/document/download/3eb64513-8255-4c71-875a-bd0a8c7ff772_en
paslanmaz serit,IS-018,Paslanmaz şerit dar,Demir-Çelik,7220,IN,high,Genişlik 600 mm altında mı?,,,https://taxation-customs.ec.europa.eu/document/download/3eb64513-8255-4c71-875a-bd0a8c7ff772_en
paslanmaz serit dar,IS-018,Paslanmaz şerit dar,Demir-Çelik,7220,IN,high,Genişlik 600 mm altında mı?,,,https://taxation-customs.ec.europa.eu/document/download/3eb64513-8255-4c71-875a-bd0a8c7ff772_en
paslanmaz şerit,IS-018,Paslanmaz şerit dar,Demir-Çelik,7220,IN,high,Genişlik 600 mm altında mı?,,,https://taxation-customs.ec.europa.eu/document/download/3eb64513-8255-4c71-875a-bd0a8c7ff772_en
paslanmaz şerit dar,IS-018,Paslanmaz şerit dar,Demir-Çelik,7220,IN,high,Genişlik 600 mm altında mı?,,,https://taxation-customs.ec.europa.eu/document/download/3eb64513-8255-4c71-875a-bd0a8c7ff772_en
stainless strip,IS-018,Paslanmaz şerit dar,Demir-Çelik,7220,IN,high,Genişlik 600 mm altında mı?,,,https://taxation-customs.ec.europa.eu/document/download/3eb64513-8255-4c71-875a-bd0a8c7ff772_en
inox cubuk,IS-019,Paslanmaz çubuk / profil,Demir-Çelik,7221|7222,IN,medium,Kangal mı düz boy mu?,,,https://taxation-customs.ec.europa.eu/document/download/3eb64513-8255-4c71-875a-bd0a8c7ff772_en
inox çubuk,IS-019,Paslanmaz çubuk / profil,Demir-Çelik,7221|7222,IN,medium,Kangal mı düz boy mu?,,,https://taxation-customs.ec.europa.eu/document/download/3eb64513-8255-4c71-875a-bd0a8c7ff772_en
paslanmaz cubuk,IS-019,Paslanmaz çubuk / profil,Demir-Çelik,7221|7222,IN,medium,Kangal mı düz boy mu?,,,https://taxation-customs.ec.europa.eu/document/download/3eb64513-8255-4c71-875a-bd0a8c7ff772_en
paslanmaz cubuk / profil,IS-019,Paslanmaz çubuk / profil,Demir-Çelik,7221|7222,IN,medium,Kangal mı düz boy mu?,,,https://taxation-customs.ec.europa.eu/document/download/3eb64513-8255-4c71-875a-bd0a8c7ff772_en
paslanmaz mil,IS-019,Paslanmaz çubuk / profil,Demir-Çelik,7221|7222,IN,medium,Kangal mı düz boy mu?,,,https://taxation-customs.ec.europa.eu/document/download/3eb64513-8255-4c71-875a-bd0a8c7ff772_en
paslanmaz profil,IS-019,Paslanmaz çubuk / profil,Demir-Çelik,7221|7222,IN,medium,Kangal mı düz boy mu?,,,https://taxation-customs.ec.europa.eu/document/download/3eb64513-8255-4c71-875a-bd0a8c7ff772_en
paslanmaz çubuk,IS-019,Paslanmaz çubuk / profil,Demir-Çelik,7221|7222,IN,medium,Kangal mı düz boy mu?,,,https://taxation-customs.ec.europa.eu/document/download/3eb64513-8255-4c71-875a-bd0a8c7ff772_en
paslanmaz çubuk / profil,IS-019,Paslanmaz çubuk / profil,Demir-Çelik,7221|7222,IN,medium,Kangal mı düz boy mu?,,,https://taxation-customs.ec.europa.eu/document/download/3eb64513-8255-4c71-875a-bd0a8c7ff772_en
stainless bar,IS-019,Paslanmaz çubuk / profil,Demir-Çelik,7221|7222,IN,medium,Kangal mı düz boy mu?,,,https://taxation-customs.ec.europa.eu/document/download/3eb64513-8255-4c71-875a-bd0a8c7ff772_en
inox tel,IS-020,Paslanmaz tel,Demir-Çelik,7223,IN,high,,,,https://taxation-customs.ec.europa.eu/document/download/3eb64513-8255-4c71-875a-bd0a8c7ff772_en
paslanmaz tel,IS-020,Paslanmaz tel,Demir-Çelik,7223,IN,high,,,,https://taxation-customs.ec.europa.eu/document/download/3eb64513-8255-4c71-875a-bd0a8c7ff772_en
stainless wire,IS-020,Paslanmaz tel,Demir-Çelik,7223,IN,high,,,,https://taxation-customs.ec.europa.eu/document/download/3eb64513-8255-4c71-875a-bd0a8c7ff772_en
alasimli celik rulo,IS-021,Alaşımlı çelik sac,Demir-Çelik,7225|7226,IN,medium,Genişlik 600 mm ve üzeri mi? || Alaşım türü nedir?,,,https://taxation-customs.ec.europa.eu/document/download/3eb64513-8255-4c71-875a-bd0a8c7ff772_en
alasimli celik sac,IS-021,Alaşımlı çelik sac,Demir-Çelik,7225|7226,IN,medium,Genişlik 600 mm ve üzeri mi? || Alaşım türü nedir?,,,https://taxation-customs.ec.europa.eu/document/download/3eb64513-8255-4c71-875a-bd0a8c7ff772_en
alasimli sac,IS-021,Alaşımlı çelik sac,Demir-Çelik,7225|7226,IN,medium,Genişlik 600 mm ve üzeri mi? || Alaşım türü nedir?,,,https://taxation-customs.ec.europa.eu/document/download/3eb64513-8255-4c71-875a-bd0a8c7ff772_en
alaşımlı sac,IS-021,Alaşımlı çelik sac,Demir-Çelik,7225|7226,IN,medium,Genişlik 600 mm ve üzeri mi? || Alaşım türü nedir?,,,https://taxation-customs.ec.europa.eu/document/download/3eb64513-8255-4c71-875a-bd0a8c7ff772_en
alaşımlı çelik rulo,IS-021,Alaşımlı çelik sac,Demir-Çelik,7225|7226,IN,medium,Genişlik 600 mm ve üzeri mi? || Alaşım türü nedir?,,,https://taxation-customs.ec.europa.eu/document/download/3eb64513-8255-4c71-875a-bd0a8c7ff772_en
alaşımlı çelik sac,IS-021,Alaşımlı çelik sac,Demir-Çelik,7225|7226,IN,medium,Genişlik 600 mm ve üzeri mi? || Alaşım türü nedir?,,,https://taxation-customs.ec.europa.eu/document/download/3eb64513-8255-4c71-875a-bd0a8c7ff772_en
takim celigi levha,IS-021,Alaşımlı çelik sac,Demir-Çelik,7225|7226,IN,medium,Genişlik 600 mm ve üzeri mi? || Alaşım türü nedir?,,,https://taxation-customs.ec.europa.eu/document/download/3eb64513-8255-4c71-875a-bd0a8c7ff772_en
takım çeliği levha,IS-021,Alaşımlı çelik sac,Demir-Çelik,7225|7226,IN,medium,Genişlik 600 mm ve üzeri mi? || Alaşım türü nedir?,,,https://taxation-customs.ec.europa.eu/document/download/3eb64513-8255-4c71-875a-bd0a8c7ff772_en
tool steel plate,IS-021,Alaşımlı çelik sac,Demir-Çelik,7225|7226,IN,medium,Genişlik 600 mm ve üzeri mi? || Alaşım türü nedir?,,,https://taxation-customs.ec.europa.eu/document/download/3eb64513-8255-4c71-875a-bd0a8c7ff772_en
alasimli celik cubuk / profil,IS-022,Alaşımlı çelik çubuk / profil,Demir-Çelik,7227|7228,IN,medium,,,,https://taxation-customs.ec.europa.eu/document/download/3eb64513-8255-4c71-875a-bd0a8c7ff772_en
alasimli cubuk,IS-022,Alaşımlı çelik çubuk / profil,Demir-Çelik,7227|7228,IN,medium,,,,https://taxation-customs.ec.europa.eu/document/download/3eb64513-8255-4c71-875a-bd0a8c7ff772_en
alasimli mil,IS-022,Alaşımlı çelik çubuk / profil,Demir-Çelik,7227|7228,IN,medium,,,,https://taxation-customs.ec.europa.eu/document/download/3eb64513-8255-4c71-875a-bd0a8c7ff772_en
alaşımlı mil,IS-022,Alaşımlı çelik çubuk / profil,Demir-Çelik,7227|7228,IN,medium,,,,https://taxation-customs.ec.europa.eu/document/download/3eb64513-8255-4c71-875a-bd0a8c7ff772_en
alaşımlı çelik çubuk / profil,IS-022,Alaşımlı çelik çubuk / profil,Demir-Çelik,7227|7228,IN,medium,,,,https://taxation-customs.ec.europa.eu/document/download/3eb64513-8255-4c71-875a-bd0a8c7ff772_en
alaşımlı çubuk,IS-022,Alaşımlı çelik çubuk / profil,Demir-Çelik,7227|7228,IN,medium,,,,https://taxation-customs.ec.europa.eu/document/download/3eb64513-8255-4c71-875a-bd0a8c7ff772_en
alloy steel bar,IS-022,Alaşımlı çelik çubuk / profil,Demir-Çelik,7227|7228,IN,medium,,,,https://taxation-customs.ec.europa.eu/document/download/3eb64513-8255-4c71-875a-bd0a8c7ff772_en
takim celigi cubuk,IS-022,Alaşımlı çelik çubuk / profil,Demir-Çelik,7227|7228,IN,medium,,,,https://taxation-customs.ec.europa.eu/document/download/3eb64513-8255-4c71-875a-bd0a8c7ff772_en
takım çeliği çubuk,IS-022,Alaşımlı çelik çubuk / profil,Demir-Çelik,7227|7228,IN,medium,,,,https://taxation-customs.ec.europa.eu/document/download/3eb64513-8255-4c71-875a-bd0a8c7ff772_en
alasimli celik tel,IS-023,Alaşımlı çelik tel,Demir-Çelik,7229,IN,high,,,,https://taxation-customs.ec.europa.eu/document/download/3eb64513-8255-4c71-875a-bd0a8c7ff772_en
alasimli tel,IS-023,Alaşımlı çelik tel,Demir-Çelik,7229,IN,high,,,,https://taxation-customs.ec.europa.eu/document/download/3eb64513-8255-4c71-875a-bd0a8c7ff772_en
alaşımlı tel,IS-023,Alaşımlı çelik tel,Demir-Çelik,7229,IN,high,,,,https://taxation-customs.ec.europa.eu/document/download/3eb64513-8255-4c71-875a-bd0a8c7ff772_en
alaşımlı çelik tel,IS-023,Alaşımlı çelik tel,Demir-Çelik,7229,IN,high,,,,https://taxation-customs.ec.europa.eu/document/download/3eb64513-8255-4c71-875a-bd0a8c7ff772_en
alloy steel wire,IS-023,Alaşımlı çelik tel,Demir-Çelik,7229,IN,high,,,,https://taxation-customs.ec.europa.eu/document/download/3eb64513-8255-4c71-875a-bd0a8c7ff772_en
celik palplans,IS-024,Palplanş / sac kazık,Demir-Çelik,7301,IN,high,,,,https://taxation-customs.ec.europa.eu/document/download/3eb64513-8255-4c71-875a-bd0a8c7ff772_en
palplans,IS-024,Palplanş / sac kazık,Demir-Çelik,7301,IN,high,,,,https://taxation-customs.ec.europa.eu/document/download/3eb64513-8255-4c71-875a-bd0a8c7ff772_en
palplans / sac kazik,IS-024,Palplanş / sac kazık,Demir-Çelik,7301,IN,high,,,,https://taxation-customs.ec.europa.eu/document/download/3eb64513-8255-4c71-875a-bd0a8c7ff772_en
palplanş,IS-024,Palplanş / sac kazık,Demir-Çelik,7301,IN,high,,,,https://taxation-customs.ec.europa.eu/document/download/3eb64513-8255-4c71-875a-bd0a8c7ff772_en
palplanş / sac kazık,IS-024,Palplanş / sac kazık,Demir-Çelik,7301,IN,high,,,,https://taxation-customs.ec.europa.eu/document/download/3eb64513-8255-4c71-875a-bd0a8c7ff772_en
sac kazik,IS-024,Palplanş / sac kazık,Demir-Çelik,7301,IN,high,,,,https://taxation-customs.ec.europa.eu/document/download/3eb64513-8255-4c71-875a-bd0a8c7ff772_en
sac kazık,IS-024,Palplanş / sac kazık,Demir-Çelik,7301,IN,high,,,,https://taxation-customs.ec.europa.eu/document/download/3eb64513-8255-4c71-875a-bd0a8c7ff772_en
sheet pile,IS-024,Palplanş / sac kazık,Demir-Çelik,7301,IN,high,,,,https://taxation-customs.ec.europa.eu/document/download/3eb64513-8255-4c71-875a-bd0a8c7ff772_en
çelik palplanş,IS-024,Palplanş / sac kazık,Demir-Çelik,7301,IN,high,,,,https://taxation-customs.ec.europa.eu/document/download/3eb64513-8255-4c71-875a-bd0a8c7ff772_en
cebire,IS-025,Demiryolu ray ve bağlantı malzemesi,Demir-Çelik,7302,IN,medium,Ürün ray/hat yapımına özel mi?,,,https://taxation-customs.ec.europa.eu/document/download/3eb64513-8255-4c71-875a-bd0a8c7ff772_en
demiryolu ray ve baglanti malzemesi,IS-025,Demiryolu ray ve bağlantı malzemesi,Demir-Çelik,7302,IN,medium,Ürün ray/hat yapımına özel mi?,,,https://taxation-customs.ec.europa.eu/document/download/3eb64513-8255-4c71-875a-bd0a8c7ff772_en
demiryolu ray ve bağlantı malzemesi,IS-025,Demiryolu ray ve bağlantı malzemesi,Demir-Çelik,7302,IN,medium,Ürün ray/hat yapımına özel mi?,,,https://taxation-customs.ec.europa.eu/document/download/3eb64513-8255-4c71-875a-bd0a8c7ff772_en
demiryolu rayi,IS-025,Demiryolu ray ve bağlantı malzemesi,Demir-Çelik,7302,IN,medium,Ürün ray/hat yapımına özel mi?,,,https://taxation-customs.ec.europa.eu/document/download/3eb64513-8255-4c71-875a-bd0a8c7ff772_en
demiryolu rayı,IS-025,Demiryolu ray ve bağlantı malzemesi,Demir-Çelik,7302,IN,medium,Ürün ray/hat yapımına özel mi?,,,https://taxation-customs.ec.europa.eu/document/download/3eb64513-8255-4c71-875a-bd0a8c7ff772_en
makas dili,IS-025,Demiryolu ray ve bağlantı malzemesi,Demir-Çelik,7302,IN,medium,Ürün ray/hat yapımına özel mi?,,,https://taxation-customs.ec.europa.eu/document/download/3eb64513-8255-4c71-875a-bd0a8c7ff772_en
ray,IS-025,Demiryolu ray ve bağlantı malzemesi,Demir-Çelik,7302,IN,medium,Ürün ray/hat yapımına özel mi?,,,https://taxation-customs.ec.europa.eu/document/download/3eb64513-8255-4c71-875a-bd0a8c7ff772_en
ray baglanti parcasi,IS-025,Demiryolu ray ve bağlantı malzemesi,Demir-Çelik,7302,IN,medium,Ürün ray/hat yapımına özel mi?,,,https://taxation-customs.ec.europa.eu/document/download/3eb64513-8255-4c71-875a-bd0a8c7ff772_en
ray bağlantı parçası,IS-025,Demiryolu ray ve bağlantı malzemesi,Demir-Çelik,7302,IN,medium,Ürün ray/hat yapımına özel mi?,,,https://taxation-customs.ec.europa.eu/document/download/3eb64513-8255-4c71-875a-bd0a8c7ff772_en
ray klipsi,IS-025,Demiryolu ray ve bağlantı malzemesi,Demir-Çelik,7302,IN,medium,Ürün ray/hat yapımına özel mi?,,,https://taxation-customs.ec.europa.eu/document/download/3eb64513-8255-4c71-875a-bd0a8c7ff772_en
travers baglantisi,IS-025,Demiryolu ray ve bağlantı malzemesi,Demir-Çelik,7302,IN,medium,Ürün ray/hat yapımına özel mi?,,,https://taxation-customs.ec.europa.eu/document/download/3eb64513-8255-4c71-875a-bd0a8c7ff772_en
travers bağlantısı,IS-025,Demiryolu ray ve bağlantı malzemesi,Demir-Çelik,7302,IN,medium,Ürün ray/hat yapımına özel mi?,,,https://taxation-customs.ec.europa.eu/document/download/3eb64513-8255-4c71-875a-bd0a8c7ff772_en
tren rayi,IS-025,Demiryolu ray ve bağlantı malzemesi,Demir-Çelik,7302,IN,medium,Ürün ray/hat yapımına özel mi?,,,https://taxation-customs.ec.europa.eu/document/download/3eb64513-8255-4c71-875a-bd0a8c7ff772_en
tren rayı,IS-025,Demiryolu ray ve bağlantı malzemesi,Demir-Çelik,7302,IN,medium,Ürün ray/hat yapımına özel mi?,,,https://taxation-customs.ec.europa.eu/document/download/3eb64513-8255-4c71-875a-bd0a8c7ff772_en
cast iron pipe,IS-026,Dökme demir boru,Demir-Çelik,7303,IN,high,,,,https://taxation-customs.ec.europa.eu/document/download/3eb64513-8255-4c71-875a-bd0a8c7ff772_en
dokme demir boru,IS-026,Dökme demir boru,Demir-Çelik,7303,IN,high,,,,https://taxation-customs.ec.europa.eu/document/download/3eb64513-8255-4c71-875a-bd0a8c7ff772_en
dokum boru,IS-026,Dökme demir boru,Demir-Çelik,7303,IN,high,,,,https://taxation-customs.ec.europa.eu/document/download/3eb64513-8255-4c71-875a-bd0a8c7ff772_en
duktil boru,IS-026,Dökme demir boru,Demir-Çelik,7303,IN,high,,,,https://taxation-customs.ec.europa.eu/document/download/3eb64513-8255-4c71-875a-bd0a8c7ff772_en
dökme demir boru,IS-026,Dökme demir boru,Demir-Çelik,7303,IN,high,,,,https://taxation-customs.ec.europa.eu/document/download/3eb64513-8255-4c71-875a-bd0a8c7ff772_en
döküm boru,IS-026,Dökme demir boru,Demir-Çelik,7303,IN,high,,,,https://taxation-customs.ec.europa.eu/document/download/3eb64513-8255-4c71-875a-bd0a8c7ff772_en
pik boru,IS-026,Dökme demir boru,Demir-Çelik,7303,IN,high,,,,https://taxation-customs.ec.europa.eu/document/download/3eb64513-8255-4c71-875a-bd0a8c7ff772_en
sfero boru,IS-026,Dökme demir boru,Demir-Çelik,7303,IN,high,,,,https://taxation-customs.ec.europa.eu/document/download/3eb64513-8255-4c71-875a-bd0a8c7ff772_en
cekme boru,IS-027,Dikişsiz çelik boru,Demir-Çelik,7304,IN,high,Dikişsiz mi? || Dış çap nedir? || Kullanım petrol/gaz sondajı mı?,,,https://taxation-customs.ec.europa.eu/document/download/3eb64513-8255-4c71-875a-bd0a8c7ff772_en
dikissiz boru,IS-027,Dikişsiz çelik boru,Demir-Çelik,7304,IN,high,Dikişsiz mi? || Dış çap nedir? || Kullanım petrol/gaz sondajı mı?,,,https://taxation-customs.ec.europa.eu/document/download/3eb64513-8255-4c71-875a-bd0a8c7ff772_en
dikissiz celik boru,IS-027,Dikişsiz çelik boru,Demir-Çelik,7304,IN,high,Dikişsiz mi? || Dış çap nedir? || Kullanım petrol/gaz sondajı mı?,,,https://taxation-customs.ec.europa.eu/document/download/3eb64513-8255-4c71-875a-bd0a8c7ff772_en
dikişsiz boru,IS-027,Dikişsiz çelik boru,Demir-Çelik,7304,IN,high,Dikişsiz mi? || Dış çap nedir? || Kullanım petrol/gaz sondajı mı?,,,https://taxation-customs.ec.europa.eu/document/download/3eb64513-8255-4c71-875a-bd0a8c7ff772_en
dikişsiz çelik boru,IS-027,Dikişsiz çelik boru,Demir-Çelik,7304,IN,high,Dikişsiz mi? || Dış çap nedir? || Kullanım petrol/gaz sondajı mı?,,,https://taxation-customs.ec.europa.eu/document/download/3eb64513-8255-4c71-875a-bd0a8c7ff772_en
kazan borusu,IS-027,Dikişsiz çelik boru,Demir-Çelik,7304,IN,high,Dikişsiz mi? || Dış çap nedir? || Kullanım petrol/gaz sondajı mı?,,,https://taxation-customs.ec.europa.eu/document/download/3eb64513-8255-4c71-875a-bd0a8c7ff772_en
petrol borusu dikissiz,IS-027,Dikişsiz çelik boru,Demir-Çelik,7304,IN,high,Dikişsiz mi? || Dış çap nedir? || Kullanım petrol/gaz sondajı mı?,,,https://taxation-customs.ec.europa.eu/document/download/3eb64513-8255-4c71-875a-bd0a8c7ff772_en
petrol borusu dikişsiz,IS-027,Dikişsiz çelik boru,Demir-Çelik,7304,IN,high,Dikişsiz mi? || Dış çap nedir? || Kullanım petrol/gaz sondajı mı?,,,https://taxation-customs.ec.europa.eu/document/download/3eb64513-8255-4c71-875a-bd0a8c7ff772_en
seamless pipe,IS-027,Dikişsiz çelik boru,Demir-Çelik,7304,IN,high,Dikişsiz mi? || Dış çap nedir? || Kullanım petrol/gaz sondajı mı?,,,https://taxation-customs.ec.europa.eu/document/download/3eb64513-8255-4c71-875a-bd0a8c7ff772_en
çekme boru,IS-027,Dikişsiz çelik boru,Demir-Çelik,7304,IN,high,Dikişsiz mi? || Dış çap nedir? || Kullanım petrol/gaz sondajı mı?,,,https://taxation-customs.ec.europa.eu/document/download/3eb64513-8255-4c71-875a-bd0a8c7ff772_en
buyuk cap boru,IS-028,Büyük çap kaynaklı çelik boru,Demir-Çelik,7305,IN,high,"Dış çap 406,4 mm üzerinde mi?",,,https://taxation-customs.ec.europa.eu/document/download/3eb64513-8255-4c71-875a-bd0a8c7ff772_en
buyuk cap kaynakli celik boru,IS-028,Büyük çap kaynaklı çelik boru,Demir-Çelik,7305,IN,high,"Dış çap 406,4 mm üzerinde mi?",,,https://taxation-customs.ec.europa.eu/document/download/3eb64513-8255-4c71-875a-bd0a8c7ff772_en
büyük çap boru,IS-028,Büyük çap kaynaklı çelik boru,Demir-Çelik,7305,IN,high,"Dış çap 406,4 mm üzerinde mi?",,,https://taxation-customs.ec.europa.eu/document/download/3eb64513-8255-4c71-875a-bd0a8c7ff772_en
büyük çap kaynaklı çelik boru,IS-028,Büyük çap kaynaklı çelik boru,Demir-Çelik,7305,IN,high,"Dış çap 406,4 mm üzerinde mi?",,,https://taxation-customs.ec.europa.eu/document/download/3eb64513-8255-4c71-875a-bd0a8c7ff772_en
saw pipe,IS-028,Büyük çap kaynaklı çelik boru,Demir-Çelik,7305,IN,high,"Dış çap 406,4 mm üzerinde mi?",,,https://taxation-customs.ec.europa.eu/document/download/3eb64513-8255-4c71-875a-bd0a8c7ff772_en
spiral boru,IS-028,Büyük çap kaynaklı çelik boru,Demir-Çelik,7305,IN,high,"Dış çap 406,4 mm üzerinde mi?",,,https://taxation-customs.ec.europa.eu/document/download/3eb64513-8255-4c71-875a-bd0a8c7ff772_en
spiral kaynakli boru,IS-028,Büyük çap kaynaklı çelik boru,Demir-Çelik,7305,IN,high,"Dış çap 406,4 mm üzerinde mi?",,,https://taxation-customs.ec.europa.eu/document/download/3eb64513-8255-4c71-875a-bd0a8c7ff772_en
spiral kaynaklı boru,IS-028,Büyük çap kaynaklı çelik boru,Demir-Çelik,7305,IN,high,"Dış çap 406,4 mm üzerinde mi?",,,https://taxation-customs.ec.europa.eu/document/download/3eb64513-8255-4c71-875a-bd0a8c7ff772_en
celik tup,IS-029,Kaynaklı çelik boru / kutu profil,Demir-Çelik,7306,IN,high,"Kesit dairesel mi, kare/dikdörtgen mi? || Dış çap >406,4 mm mi?",,,https://taxation-customs.ec.europa.eu/document/download/3eb64513-8255-4c71-875a-bd0a8c7ff772_en
dikdortgen profil,IS-029,Kaynaklı çelik boru / kutu profil,Demir-Çelik,7306,IN,high,"Kesit dairesel mi, kare/dikdörtgen mi? || Dış çap >406,4 mm mi?",,,https://taxation-customs.ec.europa.eu/document/download/3eb64513-8255-4c71-875a-bd0a8c7ff772_en
dikdörtgen profil,IS-029,Kaynaklı çelik boru / kutu profil,Demir-Çelik,7306,IN,high,"Kesit dairesel mi, kare/dikdörtgen mi? || Dış çap >406,4 mm mi?",,,https://taxation-customs.ec.europa.eu/document/download/3eb64513-8255-4c71-875a-bd0a8c7ff772_en
erw boru,IS-029,Kaynaklı çelik boru / kutu profil,Demir-Çelik,7306,IN,high,"Kesit dairesel mi, kare/dikdörtgen mi? || Dış çap >406,4 mm mi?",,,https://taxation-customs.ec.europa.eu/document/download/3eb64513-8255-4c71-875a-bd0a8c7ff772_en
hollow section,IS-029,Kaynaklı çelik boru / kutu profil,Demir-Çelik,7306,IN,high,"Kesit dairesel mi, kare/dikdörtgen mi? || Dış çap >406,4 mm mi?",,,https://taxation-customs.ec.europa.eu/document/download/3eb64513-8255-4c71-875a-bd0a8c7ff772_en
kare profil,IS-029,Kaynaklı çelik boru / kutu profil,Demir-Çelik,7306,IN,high,"Kesit dairesel mi, kare/dikdörtgen mi? || Dış çap >406,4 mm mi?",,,https://taxation-customs.ec.europa.eu/document/download/3eb64513-8255-4c71-875a-bd0a8c7ff772_en
kaynakli boru,IS-029,Kaynaklı çelik boru / kutu profil,Demir-Çelik,7306,IN,high,"Kesit dairesel mi, kare/dikdörtgen mi? || Dış çap >406,4 mm mi?",,,https://taxation-customs.ec.europa.eu/document/download/3eb64513-8255-4c71-875a-bd0a8c7ff772_en
kaynakli celik boru / kutu profil,IS-029,Kaynaklı çelik boru / kutu profil,Demir-Çelik,7306,IN,high,"Kesit dairesel mi, kare/dikdörtgen mi? || Dış çap >406,4 mm mi?",,,https://taxation-customs.ec.europa.eu/document/download/3eb64513-8255-4c71-875a-bd0a8c7ff772_en
kaynaklı boru,IS-029,Kaynaklı çelik boru / kutu profil,Demir-Çelik,7306,IN,high,"Kesit dairesel mi, kare/dikdörtgen mi? || Dış çap >406,4 mm mi?",,,https://taxation-customs.ec.europa.eu/document/download/3eb64513-8255-4c71-875a-bd0a8c7ff772_en
kaynaklı çelik boru / kutu profil,IS-029,Kaynaklı çelik boru / kutu profil,Demir-Çelik,7306,IN,high,"Kesit dairesel mi, kare/dikdörtgen mi? || Dış çap >406,4 mm mi?",,,https://taxation-customs.ec.europa.eu/document/download/3eb64513-8255-4c71-875a-bd0a8c7ff772_en
kutu profil,IS-029,Kaynaklı çelik boru / kutu profil,Demir-Çelik,7306,IN,high,"Kesit dairesel mi, kare/dikdörtgen mi? || Dış çap >406,4 mm mi?",,,https://taxation-customs.ec.europa.eu/document/download/3eb64513-8255-4c71-875a-bd0a8c7ff772_en
çelik tüp,IS-029,Kaynaklı çelik boru / kutu profil,Demir-Çelik,7306,IN,high,"Kesit dairesel mi, kare/dikdörtgen mi? || Dış çap >406,4 mm mi?",,,https://taxation-customs.ec.europa.eu/document/download/3eb64513-8255-4c71-875a-bd0a8c7ff772_en
boru fitting,IS-030,Çelik boru bağlantı parçası,Demir-Çelik,7307,IN,high,"Dökme demir mi, paslanmaz mı, diğer çelik mi?",,,https://taxation-customs.ec.europa.eu/document/download/3eb64513-8255-4c71-875a-bd0a8c7ff772_en
celik boru baglanti parcasi,IS-030,Çelik boru bağlantı parçası,Demir-Çelik,7307,IN,high,"Dökme demir mi, paslanmaz mı, diğer çelik mi?",,,https://taxation-customs.ec.europa.eu/document/download/3eb64513-8255-4c71-875a-bd0a8c7ff772_en
celik dirsek,IS-030,Çelik boru bağlantı parçası,Demir-Çelik,7307,IN,high,"Dökme demir mi, paslanmaz mı, diğer çelik mi?",,,https://taxation-customs.ec.europa.eu/document/download/3eb64513-8255-4c71-875a-bd0a8c7ff772_en
coupling,IS-030,Çelik boru bağlantı parçası,Demir-Çelik,7307,IN,high,"Dökme demir mi, paslanmaz mı, diğer çelik mi?",,,https://taxation-customs.ec.europa.eu/document/download/3eb64513-8255-4c71-875a-bd0a8c7ff772_en
dirsek,IS-030,Çelik boru bağlantı parçası,Demir-Çelik,7307,IN,high,"Dökme demir mi, paslanmaz mı, diğer çelik mi?",,,https://taxation-customs.ec.europa.eu/document/download/3eb64513-8255-4c71-875a-bd0a8c7ff772_en
flans,IS-030,Çelik boru bağlantı parçası,Demir-Çelik,7307,IN,high,"Dökme demir mi, paslanmaz mı, diğer çelik mi?",,,https://taxation-customs.ec.europa.eu/document/download/3eb64513-8255-4c71-875a-bd0a8c7ff772_en
flanş,IS-030,Çelik boru bağlantı parçası,Demir-Çelik,7307,IN,high,"Dökme demir mi, paslanmaz mı, diğer çelik mi?",,,https://taxation-customs.ec.europa.eu/document/download/3eb64513-8255-4c71-875a-bd0a8c7ff772_en
manson,IS-030,Çelik boru bağlantı parçası,Demir-Çelik,7307,IN,high,"Dökme demir mi, paslanmaz mı, diğer çelik mi?",,,https://taxation-customs.ec.europa.eu/document/download/3eb64513-8255-4c71-875a-bd0a8c7ff772_en
manşon,IS-030,Çelik boru bağlantı parçası,Demir-Çelik,7307,IN,high,"Dökme demir mi, paslanmaz mı, diğer çelik mi?",,,https://taxation-customs.ec.europa.eu/document/download/3eb64513-8255-4c71-875a-bd0a8c7ff772_en
pipe fitting,IS-030,Çelik boru bağlantı parçası,Demir-Çelik,7307,IN,high,"Dökme demir mi, paslanmaz mı, diğer çelik mi?",,,https://taxation-customs.ec.europa.eu/document/download/3eb64513-8255-4c71-875a-bd0a8c7ff772_en
reduksiyon,IS-030,Çelik boru bağlantı parçası,Demir-Çelik,7307,IN,high,"Dökme demir mi, paslanmaz mı, diğer çelik mi?",,,https://taxation-customs.ec.europa.eu/document/download/3eb64513-8255-4c71-875a-bd0a8c7ff772_en
redüksiyon,IS-030,Çelik boru bağlantı parçası,Demir-Çelik,7307,IN,high,"Dökme demir mi, paslanmaz mı, diğer çelik mi?",,,https://taxation-customs.ec.europa.eu/document/download/3eb64513-8255-4c71-875a-bd0a8c7ff772_en
te parcasi,IS-030,Çelik boru bağlantı parçası,Demir-Çelik,7307,IN,high,"Dökme demir mi, paslanmaz mı, diğer çelik mi?",,,https://taxation-customs.ec.europa.eu/document/download/3eb64513-8255-4c71-875a-bd0a8c7ff772_en
te parçası,IS-030,Çelik boru bağlantı parçası,Demir-Çelik,7307,IN,high,"Dökme demir mi, paslanmaz mı, diğer çelik mi?",,,https://taxation-customs.ec.europa.eu/document/download/3eb64513-8255-4c71-875a-bd0a8c7ff772_en
tee,IS-030,Çelik boru bağlantı parçası,Demir-Çelik,7307,IN,high,"Dökme demir mi, paslanmaz mı, diğer çelik mi?",,,https://taxation-customs.ec.europa.eu/document/download/3eb64513-8255-4c71-875a-bd0a8c7ff772_en
çelik boru bağlantı parçası,IS-030,Çelik boru bağlantı parçası,Demir-Çelik,7307,IN,high,"Dökme demir mi, paslanmaz mı, diğer çelik mi?",,,https://taxation-customs.ec.europa.eu/document/download/3eb64513-8255-4c71-875a-bd0a8c7ff772_en
çelik dirsek,IS-030,Çelik boru bağlantı parçası,Demir-Çelik,7307,IN,high,"Dökme demir mi, paslanmaz mı, diğer çelik mi?",,,https://taxation-customs.ec.europa.eu/document/download/3eb64513-8255-4c71-875a-bd0a8c7ff772_en
celik cati,IS-031,Çelik konstrüksiyon / yapı parçası,Demir-Çelik,7308,IN,high,Prefabrik bina olarak mı sevk ediliyor? || Parça yapıda kullanıma özel hazırlanmış mı?,9406 prefabrik bina olabilir,,https://taxation-customs.ec.europa.eu/document/download/3eb64513-8255-4c71-875a-bd0a8c7ff772_en
celik cephe tasiyici,IS-031,Çelik konstrüksiyon / yapı parçası,Demir-Çelik,7308,IN,high,Prefabrik bina olarak mı sevk ediliyor? || Parça yapıda kullanıma özel hazırlanmış mı?,9406 prefabrik bina olabilir,,https://taxation-customs.ec.europa.eu/document/download/3eb64513-8255-4c71-875a-bd0a8c7ff772_en
celik direk,IS-031,Çelik konstrüksiyon / yapı parçası,Demir-Çelik,7308,IN,high,Prefabrik bina olarak mı sevk ediliyor? || Parça yapıda kullanıma özel hazırlanmış mı?,9406 prefabrik bina olabilir,,https://taxation-customs.ec.europa.eu/document/download/3eb64513-8255-4c71-875a-bd0a8c7ff772_en
celik kiris,IS-031,Çelik konstrüksiyon / yapı parçası,Demir-Çelik,7308,IN,high,Prefabrik bina olarak mı sevk ediliyor? || Parça yapıda kullanıma özel hazırlanmış mı?,9406 prefabrik bina olabilir,,https://taxation-customs.ec.europa.eu/document/download/3eb64513-8255-4c71-875a-bd0a8c7ff772_en
celik kolon,IS-031,Çelik konstrüksiyon / yapı parçası,Demir-Çelik,7308,IN,high,Prefabrik bina olarak mı sevk ediliyor? || Parça yapıda kullanıma özel hazırlanmış mı?,9406 prefabrik bina olabilir,,https://taxation-customs.ec.europa.eu/document/download/3eb64513-8255-4c71-875a-bd0a8c7ff772_en
celik konstruksiyon,IS-031,Çelik konstrüksiyon / yapı parçası,Demir-Çelik,7308,IN,high,Prefabrik bina olarak mı sevk ediliyor? || Parça yapıda kullanıma özel hazırlanmış mı?,9406 prefabrik bina olabilir,,https://taxation-customs.ec.europa.eu/document/download/3eb64513-8255-4c71-875a-bd0a8c7ff772_en
celik konstruksiyon / yapi parcasi,IS-031,Çelik konstrüksiyon / yapı parçası,Demir-Çelik,7308,IN,high,Prefabrik bina olarak mı sevk ediliyor? || Parça yapıda kullanıma özel hazırlanmış mı?,9406 prefabrik bina olabilir,,https://taxation-customs.ec.europa.eu/document/download/3eb64513-8255-4c71-875a-bd0a8c7ff772_en
celik kopru,IS-031,Çelik konstrüksiyon / yapı parçası,Demir-Çelik,7308,IN,high,Prefabrik bina olarak mı sevk ediliyor? || Parça yapıda kullanıma özel hazırlanmış mı?,9406 prefabrik bina olabilir,,https://taxation-customs.ec.europa.eu/document/download/3eb64513-8255-4c71-875a-bd0a8c7ff772_en
celik kule,IS-031,Çelik konstrüksiyon / yapı parçası,Demir-Çelik,7308,IN,high,Prefabrik bina olarak mı sevk ediliyor? || Parça yapıda kullanıma özel hazırlanmış mı?,9406 prefabrik bina olabilir,,https://taxation-customs.ec.europa.eu/document/download/3eb64513-8255-4c71-875a-bd0a8c7ff772_en
celik merdiven,IS-031,Çelik konstrüksiyon / yapı parçası,Demir-Çelik,7308,IN,high,Prefabrik bina olarak mı sevk ediliyor? || Parça yapıda kullanıma özel hazırlanmış mı?,9406 prefabrik bina olabilir,,https://taxation-customs.ec.europa.eu/document/download/3eb64513-8255-4c71-875a-bd0a8c7ff772_en
celik platform,IS-031,Çelik konstrüksiyon / yapı parçası,Demir-Çelik,7308,IN,high,Prefabrik bina olarak mı sevk ediliyor? || Parça yapıda kullanıma özel hazırlanmış mı?,9406 prefabrik bina olabilir,,https://taxation-customs.ec.europa.eu/document/download/3eb64513-8255-4c71-875a-bd0a8c7ff772_en
celik sundurma,IS-031,Çelik konstrüksiyon / yapı parçası,Demir-Çelik,7308,IN,high,Prefabrik bina olarak mı sevk ediliyor? || Parça yapıda kullanıma özel hazırlanmış mı?,9406 prefabrik bina olabilir,,https://taxation-customs.ec.europa.eu/document/download/3eb64513-8255-4c71-875a-bd0a8c7ff772_en
celik yapi,IS-031,Çelik konstrüksiyon / yapı parçası,Demir-Çelik,7308,IN,high,Prefabrik bina olarak mı sevk ediliyor? || Parça yapıda kullanıma özel hazırlanmış mı?,9406 prefabrik bina olabilir,,https://taxation-customs.ec.europa.eu/document/download/3eb64513-8255-4c71-875a-bd0a8c7ff772_en
çelik cephe taşıyıcı,IS-031,Çelik konstrüksiyon / yapı parçası,Demir-Çelik,7308,IN,high,Prefabrik bina olarak mı sevk ediliyor? || Parça yapıda kullanıma özel hazırlanmış mı?,9406 prefabrik bina olabilir,,https://taxation-customs.ec.europa.eu/document/download/3eb64513-8255-4c71-875a-bd0a8c7ff772_en
çelik direk,IS-031,Çelik konstrüksiyon / yapı parçası,Demir-Çelik,7308,IN,high,Prefabrik bina olarak mı sevk ediliyor? || Parça yapıda kullanıma özel hazırlanmış mı?,9406 prefabrik bina olabilir,,https://taxation-customs.ec.europa.eu/document/download/3eb64513-8255-4c71-875a-bd0a8c7ff772_en
çelik kiriş,IS-031,Çelik konstrüksiyon / yapı parçası,Demir-Çelik,7308,IN,high,Prefabrik bina olarak mı sevk ediliyor? || Parça yapıda kullanıma özel hazırlanmış mı?,9406 prefabrik bina olabilir,,https://taxation-customs.ec.europa.eu/document/download/3eb64513-8255-4c71-875a-bd0a8c7ff772_en
çelik kolon,IS-031,Çelik konstrüksiyon / yapı parçası,Demir-Çelik,7308,IN,high,Prefabrik bina olarak mı sevk ediliyor? || Parça yapıda kullanıma özel hazırlanmış mı?,9406 prefabrik bina olabilir,,https://taxation-customs.ec.europa.eu/document/download/3eb64513-8255-4c71-875a-bd0a8c7ff772_en
çelik konstrüksiyon,IS-031,Çelik konstrüksiyon / yapı parçası,Demir-Çelik,7308,IN,high,Prefabrik bina olarak mı sevk ediliyor? || Parça yapıda kullanıma özel hazırlanmış mı?,9406 prefabrik bina olabilir,,https://taxation-customs.ec.europa.eu/document/download/3eb64513-8255-4c71-875a-bd0a8c7ff772_en
çelik konstrüksiyon / yapı parçası,IS-031,Çelik konstrüksiyon / yapı parçası,Demir-Çelik,7308,IN,high,Prefabrik bina olarak mı sevk ediliyor? || Parça yapıda kullanıma özel hazırlanmış mı?,9406 prefabrik bina olabilir,,https://taxation-customs.ec.europa.eu/document/download/3eb64513-8255-4c71-875a-bd0a8c7ff772_en
çelik kule,IS-031,Çelik konstrüksiyon / yapı parçası,Demir-Çelik,7308,IN,high,Prefabrik bina olarak mı sevk ediliyor? || Parça yapıda kullanıma özel hazırlanmış mı?,9406 prefabrik bina olabilir,,https://taxation-customs.ec.europa.eu/document/download/3eb64513-8255-4c71-875a-bd0a8c7ff772_en
çelik köprü,IS-031,Çelik konstrüksiyon / yapı parçası,Demir-Çelik,7308,IN,high,Prefabrik bina olarak mı sevk ediliyor? || Parça yapıda kullanıma özel hazırlanmış mı?,9406 prefabrik bina olabilir,,https://taxation-customs.ec.europa.eu/document/download/3eb64513-8255-4c71-875a-bd0a8c7ff772_en
çelik merdiven,IS-031,Çelik konstrüksiyon / yapı parçası,Demir-Çelik,7308,IN,high,Prefabrik bina olarak mı sevk ediliyor? || Parça yapıda kullanıma özel hazırlanmış mı?,9406 prefabrik bina olabilir,,https://taxation-customs.ec.europa.eu/document/download/3eb64513-8255-4c71-875a-bd0a8c7ff772_en
çelik platform,IS-031,Çelik konstrüksiyon / yapı parçası,Demir-Çelik,7308,IN,high,Prefabrik bina olarak mı sevk ediliyor? || Parça yapıda kullanıma özel hazırlanmış mı?,9406 prefabrik bina olabilir,,https://taxation-customs.ec.europa.eu/document/download/3eb64513-8255-4c71-875a-bd0a8c7ff772_en
çelik sundurma,IS-031,Çelik konstrüksiyon / yapı parçası,Demir-Çelik,7308,IN,high,Prefabrik bina olarak mı sevk ediliyor? || Parça yapıda kullanıma özel hazırlanmış mı?,9406 prefabrik bina olabilir,,https://taxation-customs.ec.europa.eu/document/download/3eb64513-8255-4c71-875a-bd0a8c7ff772_en
çelik yapı,IS-031,Çelik konstrüksiyon / yapı parçası,Demir-Çelik,7308,IN,high,Prefabrik bina olarak mı sevk ediliyor? || Parça yapıda kullanıma özel hazırlanmış mı?,9406 prefabrik bina olabilir,,https://taxation-customs.ec.europa.eu/document/download/3eb64513-8255-4c71-875a-bd0a8c7ff772_en
çelik çatı,IS-031,Çelik konstrüksiyon / yapı parçası,Demir-Çelik,7308,IN,high,Prefabrik bina olarak mı sevk ediliyor? || Parça yapıda kullanıma özel hazırlanmış mı?,9406 prefabrik bina olabilir,,https://taxation-customs.ec.europa.eu/document/download/3eb64513-8255-4c71-875a-bd0a8c7ff772_en
celik kapi,IS-032,Demir/çelik kapı-pencere ve korkuluk,Demir-Çelik,7308,IN,high,Ana malzeme demir/çelik mi? || Komple yapı elemanı mı?,,,https://taxation-customs.ec.europa.eu/document/download/3eb64513-8255-4c71-875a-bd0a8c7ff772_en
celik korkuluk,IS-032,Demir/çelik kapı-pencere ve korkuluk,Demir-Çelik,7308,IN,high,Ana malzeme demir/çelik mi? || Komple yapı elemanı mı?,,,https://taxation-customs.ec.europa.eu/document/download/3eb64513-8255-4c71-875a-bd0a8c7ff772_en
celik panjur,IS-032,Demir/çelik kapı-pencere ve korkuluk,Demir-Çelik,7308,IN,high,Ana malzeme demir/çelik mi? || Komple yapı elemanı mı?,,,https://taxation-customs.ec.europa.eu/document/download/3eb64513-8255-4c71-875a-bd0a8c7ff772_en
celik pencere,IS-032,Demir/çelik kapı-pencere ve korkuluk,Demir-Çelik,7308,IN,high,Ana malzeme demir/çelik mi? || Komple yapı elemanı mı?,,,https://taxation-customs.ec.europa.eu/document/download/3eb64513-8255-4c71-875a-bd0a8c7ff772_en
demir kapi,IS-032,Demir/çelik kapı-pencere ve korkuluk,Demir-Çelik,7308,IN,high,Ana malzeme demir/çelik mi? || Komple yapı elemanı mı?,,,https://taxation-customs.ec.europa.eu/document/download/3eb64513-8255-4c71-875a-bd0a8c7ff772_en
demir kapı,IS-032,Demir/çelik kapı-pencere ve korkuluk,Demir-Çelik,7308,IN,high,Ana malzeme demir/çelik mi? || Komple yapı elemanı mı?,,,https://taxation-customs.ec.europa.eu/document/download/3eb64513-8255-4c71-875a-bd0a8c7ff772_en
demir korkuluk,IS-032,Demir/çelik kapı-pencere ve korkuluk,Demir-Çelik,7308,IN,high,Ana malzeme demir/çelik mi? || Komple yapı elemanı mı?,,,https://taxation-customs.ec.europa.eu/document/download/3eb64513-8255-4c71-875a-bd0a8c7ff772_en
demir pencere,IS-032,Demir/çelik kapı-pencere ve korkuluk,Demir-Çelik,7308,IN,high,Ana malzeme demir/çelik mi? || Komple yapı elemanı mı?,,,https://taxation-customs.ec.europa.eu/document/download/3eb64513-8255-4c71-875a-bd0a8c7ff772_en
demir/celik kapi-pencere ve korkuluk,IS-032,Demir/çelik kapı-pencere ve korkuluk,Demir-Çelik,7308,IN,high,Ana malzeme demir/çelik mi? || Komple yapı elemanı mı?,,,https://taxation-customs.ec.europa.eu/document/download/3eb64513-8255-4c71-875a-bd0a8c7ff772_en
demir/çelik kapı-pencere ve korkuluk,IS-032,Demir/çelik kapı-pencere ve korkuluk,Demir-Çelik,7308,IN,high,Ana malzeme demir/çelik mi? || Komple yapı elemanı mı?,,,https://taxation-customs.ec.europa.eu/document/download/3eb64513-8255-4c71-875a-bd0a8c7ff772_en
ferforje korkuluk,IS-032,Demir/çelik kapı-pencere ve korkuluk,Demir-Çelik,7308,IN,high,Ana malzeme demir/çelik mi? || Komple yapı elemanı mı?,,,https://taxation-customs.ec.europa.eu/document/download/3eb64513-8255-4c71-875a-bd0a8c7ff772_en
metal balkon korkulugu,IS-032,Demir/çelik kapı-pencere ve korkuluk,Demir-Çelik,7308,IN,high,Ana malzeme demir/çelik mi? || Komple yapı elemanı mı?,,,https://taxation-customs.ec.europa.eu/document/download/3eb64513-8255-4c71-875a-bd0a8c7ff772_en
metal balkon korkuluğu,IS-032,Demir/çelik kapı-pencere ve korkuluk,Demir-Çelik,7308,IN,high,Ana malzeme demir/çelik mi? || Komple yapı elemanı mı?,,,https://taxation-customs.ec.europa.eu/document/download/3eb64513-8255-4c71-875a-bd0a8c7ff772_en
çelik kapı,IS-032,Demir/çelik kapı-pencere ve korkuluk,Demir-Çelik,7308,IN,high,Ana malzeme demir/çelik mi? || Komple yapı elemanı mı?,,,https://taxation-customs.ec.europa.eu/document/download/3eb64513-8255-4c71-875a-bd0a8c7ff772_en
çelik korkuluk,IS-032,Demir/çelik kapı-pencere ve korkuluk,Demir-Çelik,7308,IN,high,Ana malzeme demir/çelik mi? || Komple yapı elemanı mı?,,,https://taxation-customs.ec.europa.eu/document/download/3eb64513-8255-4c71-875a-bd0a8c7ff772_en
çelik panjur,IS-032,Demir/çelik kapı-pencere ve korkuluk,Demir-Çelik,7308,IN,high,Ana malzeme demir/çelik mi? || Komple yapı elemanı mı?,,,https://taxation-customs.ec.europa.eu/document/download/3eb64513-8255-4c71-875a-bd0a8c7ff772_en
çelik pencere,IS-032,Demir/çelik kapı-pencere ve korkuluk,Demir-Çelik,7308,IN,high,Ana malzeme demir/çelik mi? || Komple yapı elemanı mı?,,,https://taxation-customs.ec.europa.eu/document/download/3eb64513-8255-4c71-875a-bd0a8c7ff772_en
buyuk celik tank >300 l,IS-033,Büyük çelik tank >300 L,Demir-Çelik,7309,IN,medium,Kapasite 300 L üzerinde mi? || Mekanik/termal ekipman içeriyor mu? || Basınçlı gaz için mi?,,,https://taxation-customs.ec.europa.eu/document/download/3eb64513-8255-4c71-875a-bd0a8c7ff772_en
büyük çelik tank >300 l,IS-033,Büyük çelik tank >300 L,Demir-Çelik,7309,IN,medium,Kapasite 300 L üzerinde mi? || Mekanik/termal ekipman içeriyor mu? || Basınçlı gaz için mi?,,,https://taxation-customs.ec.europa.eu/document/download/3eb64513-8255-4c71-875a-bd0a8c7ff772_en
celik tank,IS-033,Büyük çelik tank >300 L,Demir-Çelik,7309,IN,medium,Kapasite 300 L üzerinde mi? || Mekanik/termal ekipman içeriyor mu? || Basınçlı gaz için mi?,,,https://taxation-customs.ec.europa.eu/document/download/3eb64513-8255-4c71-875a-bd0a8c7ff772_en
depo tanki,IS-033,Büyük çelik tank >300 L,Demir-Çelik,7309,IN,medium,Kapasite 300 L üzerinde mi? || Mekanik/termal ekipman içeriyor mu? || Basınçlı gaz için mi?,,,https://taxation-customs.ec.europa.eu/document/download/3eb64513-8255-4c71-875a-bd0a8c7ff772_en
depo tankı,IS-033,Büyük çelik tank >300 L,Demir-Çelik,7309,IN,medium,Kapasite 300 L üzerinde mi? || Mekanik/termal ekipman içeriyor mu? || Basınçlı gaz için mi?,,,https://taxation-customs.ec.europa.eu/document/download/3eb64513-8255-4c71-875a-bd0a8c7ff772_en
paslanmaz tank,IS-033,Büyük çelik tank >300 L,Demir-Çelik,7309,IN,medium,Kapasite 300 L üzerinde mi? || Mekanik/termal ekipman içeriyor mu? || Basınçlı gaz için mi?,,,https://taxation-customs.ec.europa.eu/document/download/3eb64513-8255-4c71-875a-bd0a8c7ff772_en
reaktor govdesi,IS-033,Büyük çelik tank >300 L,Demir-Çelik,7309,IN,medium,Kapasite 300 L üzerinde mi? || Mekanik/termal ekipman içeriyor mu? || Basınçlı gaz için mi?,,,https://taxation-customs.ec.europa.eu/document/download/3eb64513-8255-4c71-875a-bd0a8c7ff772_en
reaktör gövdesi,IS-033,Büyük çelik tank >300 L,Demir-Çelik,7309,IN,medium,Kapasite 300 L üzerinde mi? || Mekanik/termal ekipman içeriyor mu? || Basınçlı gaz için mi?,,,https://taxation-customs.ec.europa.eu/document/download/3eb64513-8255-4c71-875a-bd0a8c7ff772_en
silo tanki,IS-033,Büyük çelik tank >300 L,Demir-Çelik,7309,IN,medium,Kapasite 300 L üzerinde mi? || Mekanik/termal ekipman içeriyor mu? || Basınçlı gaz için mi?,,,https://taxation-customs.ec.europa.eu/document/download/3eb64513-8255-4c71-875a-bd0a8c7ff772_en
silo tankı,IS-033,Büyük çelik tank >300 L,Demir-Çelik,7309,IN,medium,Kapasite 300 L üzerinde mi? || Mekanik/termal ekipman içeriyor mu? || Basınçlı gaz için mi?,,,https://taxation-customs.ec.europa.eu/document/download/3eb64513-8255-4c71-875a-bd0a8c7ff772_en
su tanki celik,IS-033,Büyük çelik tank >300 L,Demir-Çelik,7309,IN,medium,Kapasite 300 L üzerinde mi? || Mekanik/termal ekipman içeriyor mu? || Basınçlı gaz için mi?,,,https://taxation-customs.ec.europa.eu/document/download/3eb64513-8255-4c71-875a-bd0a8c7ff772_en
su tankı çelik,IS-033,Büyük çelik tank >300 L,Demir-Çelik,7309,IN,medium,Kapasite 300 L üzerinde mi? || Mekanik/termal ekipman içeriyor mu? || Basınçlı gaz için mi?,,,https://taxation-customs.ec.europa.eu/document/download/3eb64513-8255-4c71-875a-bd0a8c7ff772_en
vat,IS-033,Büyük çelik tank >300 L,Demir-Çelik,7309,IN,medium,Kapasite 300 L üzerinde mi? || Mekanik/termal ekipman içeriyor mu? || Basınçlı gaz için mi?,,,https://taxation-customs.ec.europa.eu/document/download/3eb64513-8255-4c71-875a-bd0a8c7ff772_en
çelik tank,IS-033,Büyük çelik tank >300 L,Demir-Çelik,7309,IN,medium,Kapasite 300 L üzerinde mi? || Mekanik/termal ekipman içeriyor mu? || Basınçlı gaz için mi?,,,https://taxation-customs.ec.europa.eu/document/download/3eb64513-8255-4c71-875a-bd0a8c7ff772_en
celik bidon,IS-034,Çelik varil / kutu / küçük tank ≤300 L,Demir-Çelik,7310,IN,medium,Kapasite 300 L veya altında mı? || Basınçlı gaz için mi?,,,https://taxation-customs.ec.europa.eu/document/download/3eb64513-8255-4c71-875a-bd0a8c7ff772_en
celik varil,IS-034,Çelik varil / kutu / küçük tank ≤300 L,Demir-Çelik,7310,IN,medium,Kapasite 300 L veya altında mı? || Basınçlı gaz için mi?,,,https://taxation-customs.ec.europa.eu/document/download/3eb64513-8255-4c71-875a-bd0a8c7ff772_en
celik varil / kutu / kucuk tank ≤300 l,IS-034,Çelik varil / kutu / küçük tank ≤300 L,Demir-Çelik,7310,IN,medium,Kapasite 300 L veya altında mı? || Basınçlı gaz için mi?,,,https://taxation-customs.ec.europa.eu/document/download/3eb64513-8255-4c71-875a-bd0a8c7ff772_en
metal kutu,IS-034,Çelik varil / kutu / küçük tank ≤300 L,Demir-Çelik,7310,IN,medium,Kapasite 300 L veya altında mı? || Basınçlı gaz için mi?,,,https://taxation-customs.ec.europa.eu/document/download/3eb64513-8255-4c71-875a-bd0a8c7ff772_en
metal varil,IS-034,Çelik varil / kutu / küçük tank ≤300 L,Demir-Çelik,7310,IN,medium,Kapasite 300 L veya altında mı? || Basınçlı gaz için mi?,,,https://taxation-customs.ec.europa.eu/document/download/3eb64513-8255-4c71-875a-bd0a8c7ff772_en
steel can,IS-034,Çelik varil / kutu / küçük tank ≤300 L,Demir-Çelik,7310,IN,medium,Kapasite 300 L veya altında mı? || Basınçlı gaz için mi?,,,https://taxation-customs.ec.europa.eu/document/download/3eb64513-8255-4c71-875a-bd0a8c7ff772_en
steel drum,IS-034,Çelik varil / kutu / küçük tank ≤300 L,Demir-Çelik,7310,IN,medium,Kapasite 300 L veya altında mı? || Basınçlı gaz için mi?,,,https://taxation-customs.ec.europa.eu/document/download/3eb64513-8255-4c71-875a-bd0a8c7ff772_en
teneke kutu,IS-034,Çelik varil / kutu / küçük tank ≤300 L,Demir-Çelik,7310,IN,medium,Kapasite 300 L veya altında mı? || Basınçlı gaz için mi?,,,https://taxation-customs.ec.europa.eu/document/download/3eb64513-8255-4c71-875a-bd0a8c7ff772_en
çelik bidon,IS-034,Çelik varil / kutu / küçük tank ≤300 L,Demir-Çelik,7310,IN,medium,Kapasite 300 L veya altında mı? || Basınçlı gaz için mi?,,,https://taxation-customs.ec.europa.eu/document/download/3eb64513-8255-4c71-875a-bd0a8c7ff772_en
çelik varil,IS-034,Çelik varil / kutu / küçük tank ≤300 L,Demir-Çelik,7310,IN,medium,Kapasite 300 L veya altında mı? || Basınçlı gaz için mi?,,,https://taxation-customs.ec.europa.eu/document/download/3eb64513-8255-4c71-875a-bd0a8c7ff772_en
çelik varil / kutu / küçük tank ≤300 l,IS-034,Çelik varil / kutu / küçük tank ≤300 L,Demir-Çelik,7310,IN,medium,Kapasite 300 L veya altında mı? || Basınçlı gaz için mi?,,,https://taxation-customs.ec.europa.eu/document/download/3eb64513-8255-4c71-875a-bd0a8c7ff772_en
basincli gaz kabi,IS-035,Çelik gaz tüpü / basınçlı kap,Demir-Çelik,7311,IN,medium,Ürün basınçlı/sıvılaştırılmış gaz kabı mı?,,,https://taxation-customs.ec.europa.eu/document/download/3eb64513-8255-4c71-875a-bd0a8c7ff772_en
basınçlı gaz kabı,IS-035,Çelik gaz tüpü / basınçlı kap,Demir-Çelik,7311,IN,medium,Ürün basınçlı/sıvılaştırılmış gaz kabı mı?,,,https://taxation-customs.ec.europa.eu/document/download/3eb64513-8255-4c71-875a-bd0a8c7ff772_en
celik gaz tupu,IS-035,Çelik gaz tüpü / basınçlı kap,Demir-Çelik,7311,IN,medium,Ürün basınçlı/sıvılaştırılmış gaz kabı mı?,,,https://taxation-customs.ec.europa.eu/document/download/3eb64513-8255-4c71-875a-bd0a8c7ff772_en
celik gaz tupu / basincli kap,IS-035,Çelik gaz tüpü / basınçlı kap,Demir-Çelik,7311,IN,medium,Ürün basınçlı/sıvılaştırılmış gaz kabı mı?,,,https://taxation-customs.ec.europa.eu/document/download/3eb64513-8255-4c71-875a-bd0a8c7ff772_en
lpg tupu,IS-035,Çelik gaz tüpü / basınçlı kap,Demir-Çelik,7311,IN,medium,Ürün basınçlı/sıvılaştırılmış gaz kabı mı?,,,https://taxation-customs.ec.europa.eu/document/download/3eb64513-8255-4c71-875a-bd0a8c7ff772_en
lpg tüpü,IS-035,Çelik gaz tüpü / basınçlı kap,Demir-Çelik,7311,IN,medium,Ürün basınçlı/sıvılaştırılmış gaz kabı mı?,,,https://taxation-customs.ec.europa.eu/document/download/3eb64513-8255-4c71-875a-bd0a8c7ff772_en
oksijen tupu,IS-035,Çelik gaz tüpü / basınçlı kap,Demir-Çelik,7311,IN,medium,Ürün basınçlı/sıvılaştırılmış gaz kabı mı?,,,https://taxation-customs.ec.europa.eu/document/download/3eb64513-8255-4c71-875a-bd0a8c7ff772_en
oksijen tüpü,IS-035,Çelik gaz tüpü / basınçlı kap,Demir-Çelik,7311,IN,medium,Ürün basınçlı/sıvılaştırılmış gaz kabı mı?,,,https://taxation-customs.ec.europa.eu/document/download/3eb64513-8255-4c71-875a-bd0a8c7ff772_en
yangin tupu govdesi,IS-035,Çelik gaz tüpü / basınçlı kap,Demir-Çelik,7311,IN,medium,Ürün basınçlı/sıvılaştırılmış gaz kabı mı?,,,https://taxation-customs.ec.europa.eu/document/download/3eb64513-8255-4c71-875a-bd0a8c7ff772_en
yangın tüpü gövdesi,IS-035,Çelik gaz tüpü / basınçlı kap,Demir-Çelik,7311,IN,medium,Ürün basınçlı/sıvılaştırılmış gaz kabı mı?,,,https://taxation-customs.ec.europa.eu/document/download/3eb64513-8255-4c71-875a-bd0a8c7ff772_en
çelik gaz tüpü,IS-035,Çelik gaz tüpü / basınçlı kap,Demir-Çelik,7311,IN,medium,Ürün basınçlı/sıvılaştırılmış gaz kabı mı?,,,https://taxation-customs.ec.europa.eu/document/download/3eb64513-8255-4c71-875a-bd0a8c7ff772_en
çelik gaz tüpü / basınçlı kap,IS-035,Çelik gaz tüpü / basınçlı kap,Demir-Çelik,7311,IN,medium,Ürün basınçlı/sıvılaştırılmış gaz kabı mı?,,,https://taxation-customs.ec.europa.eu/document/download/3eb64513-8255-4c71-875a-bd0a8c7ff772_en
alyan vida,IS-036,Vida / cıvata / somun / rondela,Demir-Çelik,7318,IN,high,"Malzeme demir/çelik mi? || Dişli mi, dişsiz bağlantı elemanı mı?",,,https://taxation-customs.ec.europa.eu/document/download/3eb64513-8255-4c71-875a-bd0a8c7ff772_en
ankraj civatasi,IS-036,Vida / cıvata / somun / rondela,Demir-Çelik,7318,IN,high,"Malzeme demir/çelik mi? || Dişli mi, dişsiz bağlantı elemanı mı?",,,https://taxation-customs.ec.europa.eu/document/download/3eb64513-8255-4c71-875a-bd0a8c7ff772_en
ankraj cıvatası,IS-036,Vida / cıvata / somun / rondela,Demir-Çelik,7318,IN,high,"Malzeme demir/çelik mi? || Dişli mi, dişsiz bağlantı elemanı mı?",,,https://taxation-customs.ec.europa.eu/document/download/3eb64513-8255-4c71-875a-bd0a8c7ff772_en
civata,IS-036,Vida / cıvata / somun / rondela,Demir-Çelik,7318,IN,high,"Malzeme demir/çelik mi? || Dişli mi, dişsiz bağlantı elemanı mı?",,,https://taxation-customs.ec.europa.eu/document/download/3eb64513-8255-4c71-875a-bd0a8c7ff772_en
cıvata,IS-036,Vida / cıvata / somun / rondela,Demir-Çelik,7318,IN,high,"Malzeme demir/çelik mi? || Dişli mi, dişsiz bağlantı elemanı mı?",,,https://taxation-customs.ec.europa.eu/document/download/3eb64513-8255-4c71-875a-bd0a8c7ff772_en
fastener,IS-036,Vida / cıvata / somun / rondela,Demir-Çelik,7318,IN,high,"Malzeme demir/çelik mi? || Dişli mi, dişsiz bağlantı elemanı mı?",,,https://taxation-customs.ec.europa.eu/document/download/3eb64513-8255-4c71-875a-bd0a8c7ff772_en
imbus vida,IS-036,Vida / cıvata / somun / rondela,Demir-Çelik,7318,IN,high,"Malzeme demir/çelik mi? || Dişli mi, dişsiz bağlantı elemanı mı?",,,https://taxation-customs.ec.europa.eu/document/download/3eb64513-8255-4c71-875a-bd0a8c7ff772_en
kopilya,IS-036,Vida / cıvata / somun / rondela,Demir-Çelik,7318,IN,high,"Malzeme demir/çelik mi? || Dişli mi, dişsiz bağlantı elemanı mı?",,,https://taxation-customs.ec.europa.eu/document/download/3eb64513-8255-4c71-875a-bd0a8c7ff772_en
percin,IS-036,Vida / cıvata / somun / rondela,Demir-Çelik,7318,IN,high,"Malzeme demir/çelik mi? || Dişli mi, dişsiz bağlantı elemanı mı?",,,https://taxation-customs.ec.europa.eu/document/download/3eb64513-8255-4c71-875a-bd0a8c7ff772_en
perçin,IS-036,Vida / cıvata / somun / rondela,Demir-Çelik,7318,IN,high,"Malzeme demir/çelik mi? || Dişli mi, dişsiz bağlantı elemanı mı?",,,https://taxation-customs.ec.europa.eu/document/download/3eb64513-8255-4c71-875a-bd0a8c7ff772_en
pul,IS-036,Vida / cıvata / somun / rondela,Demir-Çelik,7318,IN,high,"Malzeme demir/çelik mi? || Dişli mi, dişsiz bağlantı elemanı mı?",,,https://taxation-customs.ec.europa.eu/document/download/3eb64513-8255-4c71-875a-bd0a8c7ff772_en
rondela,IS-036,Vida / cıvata / somun / rondela,Demir-Çelik,7318,IN,high,"Malzeme demir/çelik mi? || Dişli mi, dişsiz bağlantı elemanı mı?",,,https://taxation-customs.ec.europa.eu/document/download/3eb64513-8255-4c71-875a-bd0a8c7ff772_en
saplama,IS-036,Vida / cıvata / somun / rondela,Demir-Çelik,7318,IN,high,"Malzeme demir/çelik mi? || Dişli mi, dişsiz bağlantı elemanı mı?",,,https://taxation-customs.ec.europa.eu/document/download/3eb64513-8255-4c71-875a-bd0a8c7ff772_en
setskur,IS-036,Vida / cıvata / somun / rondela,Demir-Çelik,7318,IN,high,"Malzeme demir/çelik mi? || Dişli mi, dişsiz bağlantı elemanı mı?",,,https://taxation-customs.ec.europa.eu/document/download/3eb64513-8255-4c71-875a-bd0a8c7ff772_en
somun,IS-036,Vida / cıvata / somun / rondela,Demir-Çelik,7318,IN,high,"Malzeme demir/çelik mi? || Dişli mi, dişsiz bağlantı elemanı mı?",,,https://taxation-customs.ec.europa.eu/document/download/3eb64513-8255-4c71-875a-bd0a8c7ff772_en
trifon,IS-036,Vida / cıvata / somun / rondela,Demir-Çelik,7318,IN,high,"Malzeme demir/çelik mi? || Dişli mi, dişsiz bağlantı elemanı mı?",,,https://taxation-customs.ec.europa.eu/document/download/3eb64513-8255-4c71-875a-bd0a8c7ff772_en
vida,IS-036,Vida / cıvata / somun / rondela,Demir-Çelik,7318,IN,high,"Malzeme demir/çelik mi? || Dişli mi, dişsiz bağlantı elemanı mı?",,,https://taxation-customs.ec.europa.eu/document/download/3eb64513-8255-4c71-875a-bd0a8c7ff772_en
vida / civata / somun / rondela,IS-036,Vida / cıvata / somun / rondela,Demir-Çelik,7318,IN,high,"Malzeme demir/çelik mi? || Dişli mi, dişsiz bağlantı elemanı mı?",,,https://taxation-customs.ec.europa.eu/document/download/3eb64513-8255-4c71-875a-bd0a8c7ff772_en
vida / cıvata / somun / rondela,IS-036,Vida / cıvata / somun / rondela,Demir-Çelik,7318,IN,high,"Malzeme demir/çelik mi? || Dişli mi, dişsiz bağlantı elemanı mı?",,,https://taxation-customs.ec.europa.eu/document/download/3eb64513-8255-4c71-875a-bd0a8c7ff772_en
celik aparat,IS-037,Diğer demir/çelik eşya,Demir-Çelik,7326,IN,low,Ürünün asli fonksiyonu nedir? || Başka bir tarife pozisyonunda özel olarak tanımlanıyor mu?,Makine parçası ise Bölüm XVI altında başka pozisyon olabilir || Mobilya parçası ise 94. fasıl olabilir,7326 artık/torba pozisyondur; kesin sınıflandırma için fonksiyon kontrolü şart.,https://taxation-customs.ec.europa.eu/document/download/3eb64513-8255-4c71-875a-bd0a8c7ff772_en
celik baglanti plakasi,IS-037,Diğer demir/çelik eşya,Demir-Çelik,7326,IN,low,Ürünün asli fonksiyonu nedir? || Başka bir tarife pozisyonunda özel olarak tanımlanıyor mu?,Makine parçası ise Bölüm XVI altında başka pozisyon olabilir || Mobilya parçası ise 94. fasıl olabilir,7326 artık/torba pozisyondur; kesin sınıflandırma için fonksiyon kontrolü şart.,https://taxation-customs.ec.europa.eu/document/download/3eb64513-8255-4c71-875a-bd0a8c7ff772_en
celik braket,IS-037,Diğer demir/çelik eşya,Demir-Çelik,7326,IN,low,Ürünün asli fonksiyonu nedir? || Başka bir tarife pozisyonunda özel olarak tanımlanıyor mu?,Makine parçası ise Bölüm XVI altında başka pozisyon olabilir || Mobilya parçası ise 94. fasıl olabilir,7326 artık/torba pozisyondur; kesin sınıflandırma için fonksiyon kontrolü şart.,https://taxation-customs.ec.europa.eu/document/download/3eb64513-8255-4c71-875a-bd0a8c7ff772_en
celik konsol,IS-037,Diğer demir/çelik eşya,Demir-Çelik,7326,IN,low,Ürünün asli fonksiyonu nedir? || Başka bir tarife pozisyonunda özel olarak tanımlanıyor mu?,Makine parçası ise Bölüm XVI altında başka pozisyon olabilir || Mobilya parçası ise 94. fasıl olabilir,7326 artık/torba pozisyondur; kesin sınıflandırma için fonksiyon kontrolü şart.,https://taxation-customs.ec.europa.eu/document/download/3eb64513-8255-4c71-875a-bd0a8c7ff772_en
diger demir/celik esya,IS-037,Diğer demir/çelik eşya,Demir-Çelik,7326,IN,low,Ürünün asli fonksiyonu nedir? || Başka bir tarife pozisyonunda özel olarak tanımlanıyor mu?,Makine parçası ise Bölüm XVI altında başka pozisyon olabilir || Mobilya parçası ise 94. fasıl olabilir,7326 artık/torba pozisyondur; kesin sınıflandırma için fonksiyon kontrolü şart.,https://taxation-customs.ec.europa.eu/document/download/3eb64513-8255-4c71-875a-bd0a8c7ff772_en
diğer demir/çelik eşya,IS-037,Diğer demir/çelik eşya,Demir-Çelik,7326,IN,low,Ürünün asli fonksiyonu nedir? || Başka bir tarife pozisyonunda özel olarak tanımlanıyor mu?,Makine parçası ise Bölüm XVI altında başka pozisyon olabilir || Mobilya parçası ise 94. fasıl olabilir,7326 artık/torba pozisyondur; kesin sınıflandırma için fonksiyon kontrolü şart.,https://taxation-customs.ec.europa.eu/document/download/3eb64513-8255-4c71-875a-bd0a8c7ff772_en
kaynakli metal parca,IS-037,Diğer demir/çelik eşya,Demir-Çelik,7326,IN,low,Ürünün asli fonksiyonu nedir? || Başka bir tarife pozisyonunda özel olarak tanımlanıyor mu?,Makine parçası ise Bölüm XVI altında başka pozisyon olabilir || Mobilya parçası ise 94. fasıl olabilir,7326 artık/torba pozisyondur; kesin sınıflandırma için fonksiyon kontrolü şart.,https://taxation-customs.ec.europa.eu/document/download/3eb64513-8255-4c71-875a-bd0a8c7ff772_en
kaynaklı metal parça,IS-037,Diğer demir/çelik eşya,Demir-Çelik,7326,IN,low,Ürünün asli fonksiyonu nedir? || Başka bir tarife pozisyonunda özel olarak tanımlanıyor mu?,Makine parçası ise Bölüm XVI altında başka pozisyon olabilir || Mobilya parçası ise 94. fasıl olabilir,7326 artık/torba pozisyondur; kesin sınıflandırma için fonksiyon kontrolü şart.,https://taxation-customs.ec.europa.eu/document/download/3eb64513-8255-4c71-875a-bd0a8c7ff772_en
metal braket,IS-037,Diğer demir/çelik eşya,Demir-Çelik,7326,IN,low,Ürünün asli fonksiyonu nedir? || Başka bir tarife pozisyonunda özel olarak tanımlanıyor mu?,Makine parçası ise Bölüm XVI altında başka pozisyon olabilir || Mobilya parçası ise 94. fasıl olabilir,7326 artık/torba pozisyondur; kesin sınıflandırma için fonksiyon kontrolü şart.,https://taxation-customs.ec.europa.eu/document/download/3eb64513-8255-4c71-875a-bd0a8c7ff772_en
metal tasiyici parca,IS-037,Diğer demir/çelik eşya,Demir-Çelik,7326,IN,low,Ürünün asli fonksiyonu nedir? || Başka bir tarife pozisyonunda özel olarak tanımlanıyor mu?,Makine parçası ise Bölüm XVI altında başka pozisyon olabilir || Mobilya parçası ise 94. fasıl olabilir,7326 artık/torba pozisyondur; kesin sınıflandırma için fonksiyon kontrolü şart.,https://taxation-customs.ec.europa.eu/document/download/3eb64513-8255-4c71-875a-bd0a8c7ff772_en
metal taşıyıcı parça,IS-037,Diğer demir/çelik eşya,Demir-Çelik,7326,IN,low,Ürünün asli fonksiyonu nedir? || Başka bir tarife pozisyonunda özel olarak tanımlanıyor mu?,Makine parçası ise Bölüm XVI altında başka pozisyon olabilir || Mobilya parçası ise 94. fasıl olabilir,7326 artık/torba pozisyondur; kesin sınıflandırma için fonksiyon kontrolü şart.,https://taxation-customs.ec.europa.eu/document/download/3eb64513-8255-4c71-875a-bd0a8c7ff772_en
pres baski metal parca,IS-037,Diğer demir/çelik eşya,Demir-Çelik,7326,IN,low,Ürünün asli fonksiyonu nedir? || Başka bir tarife pozisyonunda özel olarak tanımlanıyor mu?,Makine parçası ise Bölüm XVI altında başka pozisyon olabilir || Mobilya parçası ise 94. fasıl olabilir,7326 artık/torba pozisyondur; kesin sınıflandırma için fonksiyon kontrolü şart.,https://taxation-customs.ec.europa.eu/document/download/3eb64513-8255-4c71-875a-bd0a8c7ff772_en
pres baskı metal parça,IS-037,Diğer demir/çelik eşya,Demir-Çelik,7326,IN,low,Ürünün asli fonksiyonu nedir? || Başka bir tarife pozisyonunda özel olarak tanımlanıyor mu?,Makine parçası ise Bölüm XVI altında başka pozisyon olabilir || Mobilya parçası ise 94. fasıl olabilir,7326 artık/torba pozisyondur; kesin sınıflandırma için fonksiyon kontrolü şart.,https://taxation-customs.ec.europa.eu/document/download/3eb64513-8255-4c71-875a-bd0a8c7ff772_en
sac parca,IS-037,Diğer demir/çelik eşya,Demir-Çelik,7326,IN,low,Ürünün asli fonksiyonu nedir? || Başka bir tarife pozisyonunda özel olarak tanımlanıyor mu?,Makine parçası ise Bölüm XVI altında başka pozisyon olabilir || Mobilya parçası ise 94. fasıl olabilir,7326 artık/torba pozisyondur; kesin sınıflandırma için fonksiyon kontrolü şart.,https://taxation-customs.ec.europa.eu/document/download/3eb64513-8255-4c71-875a-bd0a8c7ff772_en
sac parça,IS-037,Diğer demir/çelik eşya,Demir-Çelik,7326,IN,low,Ürünün asli fonksiyonu nedir? || Başka bir tarife pozisyonunda özel olarak tanımlanıyor mu?,Makine parçası ise Bölüm XVI altında başka pozisyon olabilir || Mobilya parçası ise 94. fasıl olabilir,7326 artık/torba pozisyondur; kesin sınıflandırma için fonksiyon kontrolü şart.,https://taxation-customs.ec.europa.eu/document/download/3eb64513-8255-4c71-875a-bd0a8c7ff772_en
çelik aparat,IS-037,Diğer demir/çelik eşya,Demir-Çelik,7326,IN,low,Ürünün asli fonksiyonu nedir? || Başka bir tarife pozisyonunda özel olarak tanımlanıyor mu?,Makine parçası ise Bölüm XVI altında başka pozisyon olabilir || Mobilya parçası ise 94. fasıl olabilir,7326 artık/torba pozisyondur; kesin sınıflandırma için fonksiyon kontrolü şart.,https://taxation-customs.ec.europa.eu/document/download/3eb64513-8255-4c71-875a-bd0a8c7ff772_en
çelik bağlantı plakası,IS-037,Diğer demir/çelik eşya,Demir-Çelik,7326,IN,low,Ürünün asli fonksiyonu nedir? || Başka bir tarife pozisyonunda özel olarak tanımlanıyor mu?,Makine parçası ise Bölüm XVI altında başka pozisyon olabilir || Mobilya parçası ise 94. fasıl olabilir,7326 artık/torba pozisyondur; kesin sınıflandırma için fonksiyon kontrolü şart.,https://taxation-customs.ec.europa.eu/document/download/3eb64513-8255-4c71-875a-bd0a8c7ff772_en
çelik braket,IS-037,Diğer demir/çelik eşya,Demir-Çelik,7326,IN,low,Ürünün asli fonksiyonu nedir? || Başka bir tarife pozisyonunda özel olarak tanımlanıyor mu?,Makine parçası ise Bölüm XVI altında başka pozisyon olabilir || Mobilya parçası ise 94. fasıl olabilir,7326 artık/torba pozisyondur; kesin sınıflandırma için fonksiyon kontrolü şart.,https://taxation-customs.ec.europa.eu/document/download/3eb64513-8255-4c71-875a-bd0a8c7ff772_en
çelik konsol,IS-037,Diğer demir/çelik eşya,Demir-Çelik,7326,IN,low,Ürünün asli fonksiyonu nedir? || Başka bir tarife pozisyonunda özel olarak tanımlanıyor mu?,Makine parçası ise Bölüm XVI altında başka pozisyon olabilir || Mobilya parçası ise 94. fasıl olabilir,7326 artık/torba pozisyondur; kesin sınıflandırma için fonksiyon kontrolü şart.,https://taxation-customs.ec.europa.eu/document/download/3eb64513-8255-4c71-875a-bd0a8c7ff772_en
aluminium ingot,AL-001,İşlenmemiş alüminyum külçe/billet,Alüminyum,7601,IN,high,Alaşımlı mı alaşımsız mı?,,,https://taxation-customs.ec.europa.eu/document/download/590e983b-c937-41ea-bb9f-810c29e70e1e_en
aluminyum billet,AL-001,İşlenmemiş alüminyum külçe/billet,Alüminyum,7601,IN,high,Alaşımlı mı alaşımsız mı?,,,https://taxation-customs.ec.europa.eu/document/download/590e983b-c937-41ea-bb9f-810c29e70e1e_en
aluminyum kulce,AL-001,İşlenmemiş alüminyum külçe/billet,Alüminyum,7601,IN,high,Alaşımlı mı alaşımsız mı?,,,https://taxation-customs.ec.europa.eu/document/download/590e983b-c937-41ea-bb9f-810c29e70e1e_en
aluminyum slab,AL-001,İşlenmemiş alüminyum külçe/billet,Alüminyum,7601,IN,high,Alaşımlı mı alaşımsız mı?,,,https://taxation-customs.ec.europa.eu/document/download/590e983b-c937-41ea-bb9f-810c29e70e1e_en
alüminyum billet,AL-001,İşlenmemiş alüminyum külçe/billet,Alüminyum,7601,IN,high,Alaşımlı mı alaşımsız mı?,,,https://taxation-customs.ec.europa.eu/document/download/590e983b-c937-41ea-bb9f-810c29e70e1e_en
alüminyum külçe,AL-001,İşlenmemiş alüminyum külçe/billet,Alüminyum,7601,IN,high,Alaşımlı mı alaşımsız mı?,,,https://taxation-customs.ec.europa.eu/document/download/590e983b-c937-41ea-bb9f-810c29e70e1e_en
alüminyum slab,AL-001,İşlenmemiş alüminyum külçe/billet,Alüminyum,7601,IN,high,Alaşımlı mı alaşımsız mı?,,,https://taxation-customs.ec.europa.eu/document/download/590e983b-c937-41ea-bb9f-810c29e70e1e_en
islenmemis aluminyum kulce/billet,AL-001,İşlenmemiş alüminyum külçe/billet,Alüminyum,7601,IN,high,Alaşımlı mı alaşımsız mı?,,,https://taxation-customs.ec.europa.eu/document/download/590e983b-c937-41ea-bb9f-810c29e70e1e_en
i̇şlenmemiş alüminyum külçe/billet,AL-001,İşlenmemiş alüminyum külçe/billet,Alüminyum,7601,IN,high,Alaşımlı mı alaşımsız mı?,,,https://taxation-customs.ec.europa.eu/document/download/590e983b-c937-41ea-bb9f-810c29e70e1e_en
primer aluminyum,AL-001,İşlenmemiş alüminyum külçe/billet,Alüminyum,7601,IN,high,Alaşımlı mı alaşımsız mı?,,,https://taxation-customs.ec.europa.eu/document/download/590e983b-c937-41ea-bb9f-810c29e70e1e_en
primer alüminyum,AL-001,İşlenmemiş alüminyum külçe/billet,Alüminyum,7601,IN,high,Alaşımlı mı alaşımsız mı?,,,https://taxation-customs.ec.europa.eu/document/download/590e983b-c937-41ea-bb9f-810c29e70e1e_en
sekonder aluminyum kulce,AL-001,İşlenmemiş alüminyum külçe/billet,Alüminyum,7601,IN,high,Alaşımlı mı alaşımsız mı?,,,https://taxation-customs.ec.europa.eu/document/download/590e983b-c937-41ea-bb9f-810c29e70e1e_en
sekonder alüminyum külçe,AL-001,İşlenmemiş alüminyum külçe/billet,Alüminyum,7601,IN,high,Alaşımlı mı alaşımsız mı?,,,https://taxation-customs.ec.europa.eu/document/download/590e983b-c937-41ea-bb9f-810c29e70e1e_en
aluminium flakes,AL-002,Alüminyum tozu / pul,Alüminyum,7603,IN,high,,,,https://taxation-customs.ec.europa.eu/document/download/590e983b-c937-41ea-bb9f-810c29e70e1e_en
aluminium powder,AL-002,Alüminyum tozu / pul,Alüminyum,7603,IN,high,,,,https://taxation-customs.ec.europa.eu/document/download/590e983b-c937-41ea-bb9f-810c29e70e1e_en
aluminyum pul,AL-002,Alüminyum tozu / pul,Alüminyum,7603,IN,high,,,,https://taxation-customs.ec.europa.eu/document/download/590e983b-c937-41ea-bb9f-810c29e70e1e_en
aluminyum tozu,AL-002,Alüminyum tozu / pul,Alüminyum,7603,IN,high,,,,https://taxation-customs.ec.europa.eu/document/download/590e983b-c937-41ea-bb9f-810c29e70e1e_en
aluminyum tozu / pul,AL-002,Alüminyum tozu / pul,Alüminyum,7603,IN,high,,,,https://taxation-customs.ec.europa.eu/document/download/590e983b-c937-41ea-bb9f-810c29e70e1e_en
alüminyum pul,AL-002,Alüminyum tozu / pul,Alüminyum,7603,IN,high,,,,https://taxation-customs.ec.europa.eu/document/download/590e983b-c937-41ea-bb9f-810c29e70e1e_en
alüminyum tozu,AL-002,Alüminyum tozu / pul,Alüminyum,7603,IN,high,,,,https://taxation-customs.ec.europa.eu/document/download/590e983b-c937-41ea-bb9f-810c29e70e1e_en
alüminyum tozu / pul,AL-002,Alüminyum tozu / pul,Alüminyum,7603,IN,high,,,,https://taxation-customs.ec.europa.eu/document/download/590e983b-c937-41ea-bb9f-810c29e70e1e_en
aluminyum billet profil,AL-003,Alüminyum profil / çubuk,Alüminyum,7604,IN,high,Profil içi boş mu dolu mu? || Yapıya özel hazırlanmış/işlenmiş mi?,,,https://taxation-customs.ec.europa.eu/document/download/590e983b-c937-41ea-bb9f-810c29e70e1e_en
aluminyum cubuk,AL-003,Alüminyum profil / çubuk,Alüminyum,7604,IN,high,Profil içi boş mu dolu mu? || Yapıya özel hazırlanmış/işlenmiş mi?,,,https://taxation-customs.ec.europa.eu/document/download/590e983b-c937-41ea-bb9f-810c29e70e1e_en
aluminyum ekstruzyon,AL-003,Alüminyum profil / çubuk,Alüminyum,7604,IN,high,Profil içi boş mu dolu mu? || Yapıya özel hazırlanmış/işlenmiş mi?,,,https://taxation-customs.ec.europa.eu/document/download/590e983b-c937-41ea-bb9f-810c29e70e1e_en
aluminyum lama,AL-003,Alüminyum profil / çubuk,Alüminyum,7604,IN,high,Profil içi boş mu dolu mu? || Yapıya özel hazırlanmış/işlenmiş mi?,,,https://taxation-customs.ec.europa.eu/document/download/590e983b-c937-41ea-bb9f-810c29e70e1e_en
aluminyum profil,AL-003,Alüminyum profil / çubuk,Alüminyum,7604,IN,high,Profil içi boş mu dolu mu? || Yapıya özel hazırlanmış/işlenmiş mi?,,,https://taxation-customs.ec.europa.eu/document/download/590e983b-c937-41ea-bb9f-810c29e70e1e_en
aluminyum profil / cubuk,AL-003,Alüminyum profil / çubuk,Alüminyum,7604,IN,high,Profil içi boş mu dolu mu? || Yapıya özel hazırlanmış/işlenmiş mi?,,,https://taxation-customs.ec.europa.eu/document/download/590e983b-c937-41ea-bb9f-810c29e70e1e_en
alüminyum billet profil,AL-003,Alüminyum profil / çubuk,Alüminyum,7604,IN,high,Profil içi boş mu dolu mu? || Yapıya özel hazırlanmış/işlenmiş mi?,,,https://taxation-customs.ec.europa.eu/document/download/590e983b-c937-41ea-bb9f-810c29e70e1e_en
alüminyum ekstrüzyon,AL-003,Alüminyum profil / çubuk,Alüminyum,7604,IN,high,Profil içi boş mu dolu mu? || Yapıya özel hazırlanmış/işlenmiş mi?,,,https://taxation-customs.ec.europa.eu/document/download/590e983b-c937-41ea-bb9f-810c29e70e1e_en
alüminyum lama,AL-003,Alüminyum profil / çubuk,Alüminyum,7604,IN,high,Profil içi boş mu dolu mu? || Yapıya özel hazırlanmış/işlenmiş mi?,,,https://taxation-customs.ec.europa.eu/document/download/590e983b-c937-41ea-bb9f-810c29e70e1e_en
alüminyum profil,AL-003,Alüminyum profil / çubuk,Alüminyum,7604,IN,high,Profil içi boş mu dolu mu? || Yapıya özel hazırlanmış/işlenmiş mi?,,,https://taxation-customs.ec.europa.eu/document/download/590e983b-c937-41ea-bb9f-810c29e70e1e_en
alüminyum profil / çubuk,AL-003,Alüminyum profil / çubuk,Alüminyum,7604,IN,high,Profil içi boş mu dolu mu? || Yapıya özel hazırlanmış/işlenmiş mi?,,,https://taxation-customs.ec.europa.eu/document/download/590e983b-c937-41ea-bb9f-810c29e70e1e_en
alüminyum çubuk,AL-003,Alüminyum profil / çubuk,Alüminyum,7604,IN,high,Profil içi boş mu dolu mu? || Yapıya özel hazırlanmış/işlenmiş mi?,,,https://taxation-customs.ec.europa.eu/document/download/590e983b-c937-41ea-bb9f-810c29e70e1e_en
extrusion profile,AL-003,Alüminyum profil / çubuk,Alüminyum,7604,IN,high,Profil içi boş mu dolu mu? || Yapıya özel hazırlanmış/işlenmiş mi?,,,https://taxation-customs.ec.europa.eu/document/download/590e983b-c937-41ea-bb9f-810c29e70e1e_en
sigma profil aluminyum,AL-003,Alüminyum profil / çubuk,Alüminyum,7604,IN,high,Profil içi boş mu dolu mu? || Yapıya özel hazırlanmış/işlenmiş mi?,,,https://taxation-customs.ec.europa.eu/document/download/590e983b-c937-41ea-bb9f-810c29e70e1e_en
sigma profil alüminyum,AL-003,Alüminyum profil / çubuk,Alüminyum,7604,IN,high,Profil içi boş mu dolu mu? || Yapıya özel hazırlanmış/işlenmiş mi?,,,https://taxation-customs.ec.europa.eu/document/download/590e983b-c937-41ea-bb9f-810c29e70e1e_en
aluminium wire,AL-004,Alüminyum tel,Alüminyum,7605,IN,high,,,,https://taxation-customs.ec.europa.eu/document/download/590e983b-c937-41ea-bb9f-810c29e70e1e_en
aluminyum tel,AL-004,Alüminyum tel,Alüminyum,7605,IN,high,,,,https://taxation-customs.ec.europa.eu/document/download/590e983b-c937-41ea-bb9f-810c29e70e1e_en
alüminyum tel,AL-004,Alüminyum tel,Alüminyum,7605,IN,high,,,,https://taxation-customs.ec.europa.eu/document/download/590e983b-c937-41ea-bb9f-810c29e70e1e_en
aluminium plate,AL-005,"Alüminyum levha / sac / şerit >0,2 mm",Alüminyum,7606,IN,high,"Kalınlık 0,2 mm üzerinde mi?",,,https://taxation-customs.ec.europa.eu/document/download/590e983b-c937-41ea-bb9f-810c29e70e1e_en
aluminium sheet,AL-005,"Alüminyum levha / sac / şerit >0,2 mm",Alüminyum,7606,IN,high,"Kalınlık 0,2 mm üzerinde mi?",,,https://taxation-customs.ec.europa.eu/document/download/590e983b-c937-41ea-bb9f-810c29e70e1e_en
aluminyum levha,AL-005,"Alüminyum levha / sac / şerit >0,2 mm",Alüminyum,7606,IN,high,"Kalınlık 0,2 mm üzerinde mi?",,,https://taxation-customs.ec.europa.eu/document/download/590e983b-c937-41ea-bb9f-810c29e70e1e_en
"aluminyum levha / sac / serit >0,2 mm",AL-005,"Alüminyum levha / sac / şerit >0,2 mm",Alüminyum,7606,IN,high,"Kalınlık 0,2 mm üzerinde mi?",,,https://taxation-customs.ec.europa.eu/document/download/590e983b-c937-41ea-bb9f-810c29e70e1e_en
aluminyum plaka,AL-005,"Alüminyum levha / sac / şerit >0,2 mm",Alüminyum,7606,IN,high,"Kalınlık 0,2 mm üzerinde mi?",,,https://taxation-customs.ec.europa.eu/document/download/590e983b-c937-41ea-bb9f-810c29e70e1e_en
aluminyum rulo,AL-005,"Alüminyum levha / sac / şerit >0,2 mm",Alüminyum,7606,IN,high,"Kalınlık 0,2 mm üzerinde mi?",,,https://taxation-customs.ec.europa.eu/document/download/590e983b-c937-41ea-bb9f-810c29e70e1e_en
aluminyum sac,AL-005,"Alüminyum levha / sac / şerit >0,2 mm",Alüminyum,7606,IN,high,"Kalınlık 0,2 mm üzerinde mi?",,,https://taxation-customs.ec.europa.eu/document/download/590e983b-c937-41ea-bb9f-810c29e70e1e_en
alüminyum levha,AL-005,"Alüminyum levha / sac / şerit >0,2 mm",Alüminyum,7606,IN,high,"Kalınlık 0,2 mm üzerinde mi?",,,https://taxation-customs.ec.europa.eu/document/download/590e983b-c937-41ea-bb9f-810c29e70e1e_en
"alüminyum levha / sac / şerit >0,2 mm",AL-005,"Alüminyum levha / sac / şerit >0,2 mm",Alüminyum,7606,IN,high,"Kalınlık 0,2 mm üzerinde mi?",,,https://taxation-customs.ec.europa.eu/document/download/590e983b-c937-41ea-bb9f-810c29e70e1e_en
alüminyum plaka,AL-005,"Alüminyum levha / sac / şerit >0,2 mm",Alüminyum,7606,IN,high,"Kalınlık 0,2 mm üzerinde mi?",,,https://taxation-customs.ec.europa.eu/document/download/590e983b-c937-41ea-bb9f-810c29e70e1e_en
alüminyum rulo,AL-005,"Alüminyum levha / sac / şerit >0,2 mm",Alüminyum,7606,IN,high,"Kalınlık 0,2 mm üzerinde mi?",,,https://taxation-customs.ec.europa.eu/document/download/590e983b-c937-41ea-bb9f-810c29e70e1e_en
alüminyum sac,AL-005,"Alüminyum levha / sac / şerit >0,2 mm",Alüminyum,7606,IN,high,"Kalınlık 0,2 mm üzerinde mi?",,,https://taxation-customs.ec.europa.eu/document/download/590e983b-c937-41ea-bb9f-810c29e70e1e_en
aluminium foil,AL-006,"Alüminyum folyo ≤0,2 mm",Alüminyum,7607,IN,high,"Metal kısmın kalınlığı 0,2 mm veya altında mı? || Destek malzemesi var mı?",,,https://taxation-customs.ec.europa.eu/document/download/590e983b-c937-41ea-bb9f-810c29e70e1e_en
aluminyum folyo,AL-006,"Alüminyum folyo ≤0,2 mm",Alüminyum,7607,IN,high,"Metal kısmın kalınlığı 0,2 mm veya altında mı? || Destek malzemesi var mı?",,,https://taxation-customs.ec.europa.eu/document/download/590e983b-c937-41ea-bb9f-810c29e70e1e_en
"aluminyum folyo ≤0,2 mm",AL-006,"Alüminyum folyo ≤0,2 mm",Alüminyum,7607,IN,high,"Metal kısmın kalınlığı 0,2 mm veya altında mı? || Destek malzemesi var mı?",,,https://taxation-customs.ec.europa.eu/document/download/590e983b-c937-41ea-bb9f-810c29e70e1e_en
aluminyum kompozit folyo,AL-006,"Alüminyum folyo ≤0,2 mm",Alüminyum,7607,IN,high,"Metal kısmın kalınlığı 0,2 mm veya altında mı? || Destek malzemesi var mı?",,,https://taxation-customs.ec.europa.eu/document/download/590e983b-c937-41ea-bb9f-810c29e70e1e_en
alüminyum folyo,AL-006,"Alüminyum folyo ≤0,2 mm",Alüminyum,7607,IN,high,"Metal kısmın kalınlığı 0,2 mm veya altında mı? || Destek malzemesi var mı?",,,https://taxation-customs.ec.europa.eu/document/download/590e983b-c937-41ea-bb9f-810c29e70e1e_en
"alüminyum folyo ≤0,2 mm",AL-006,"Alüminyum folyo ≤0,2 mm",Alüminyum,7607,IN,high,"Metal kısmın kalınlığı 0,2 mm veya altında mı? || Destek malzemesi var mı?",,,https://taxation-customs.ec.europa.eu/document/download/590e983b-c937-41ea-bb9f-810c29e70e1e_en
alüminyum kompozit folyo,AL-006,"Alüminyum folyo ≤0,2 mm",Alüminyum,7607,IN,high,"Metal kısmın kalınlığı 0,2 mm veya altında mı? || Destek malzemesi var mı?",,,https://taxation-customs.ec.europa.eu/document/download/590e983b-c937-41ea-bb9f-810c29e70e1e_en
folyo rulo,AL-006,"Alüminyum folyo ≤0,2 mm",Alüminyum,7607,IN,high,"Metal kısmın kalınlığı 0,2 mm veya altında mı? || Destek malzemesi var mı?",,,https://taxation-customs.ec.europa.eu/document/download/590e983b-c937-41ea-bb9f-810c29e70e1e_en
lamine aluminyum folyo,AL-006,"Alüminyum folyo ≤0,2 mm",Alüminyum,7607,IN,high,"Metal kısmın kalınlığı 0,2 mm veya altında mı? || Destek malzemesi var mı?",,,https://taxation-customs.ec.europa.eu/document/download/590e983b-c937-41ea-bb9f-810c29e70e1e_en
lamine alüminyum folyo,AL-006,"Alüminyum folyo ≤0,2 mm",Alüminyum,7607,IN,high,"Metal kısmın kalınlığı 0,2 mm veya altında mı? || Destek malzemesi var mı?",,,https://taxation-customs.ec.europa.eu/document/download/590e983b-c937-41ea-bb9f-810c29e70e1e_en
aluminium pipe,AL-007,Alüminyum boru,Alüminyum,7608,IN,high,İçi boş profil mi yoksa boru mu?,,,https://taxation-customs.ec.europa.eu/document/download/590e983b-c937-41ea-bb9f-810c29e70e1e_en
aluminium tube,AL-007,Alüminyum boru,Alüminyum,7608,IN,high,İçi boş profil mi yoksa boru mu?,,,https://taxation-customs.ec.europa.eu/document/download/590e983b-c937-41ea-bb9f-810c29e70e1e_en
aluminyum boru,AL-007,Alüminyum boru,Alüminyum,7608,IN,high,İçi boş profil mi yoksa boru mu?,,,https://taxation-customs.ec.europa.eu/document/download/590e983b-c937-41ea-bb9f-810c29e70e1e_en
alüminyum boru,AL-007,Alüminyum boru,Alüminyum,7608,IN,high,İçi boş profil mi yoksa boru mu?,,,https://taxation-customs.ec.europa.eu/document/download/590e983b-c937-41ea-bb9f-810c29e70e1e_en
aluminium pipe fitting,AL-008,Alüminyum boru fitting,Alüminyum,76090000,IN,high,,,,https://taxation-customs.ec.europa.eu/document/download/590e983b-c937-41ea-bb9f-810c29e70e1e_en
aluminyum boru fitting,AL-008,Alüminyum boru fitting,Alüminyum,76090000,IN,high,,,,https://taxation-customs.ec.europa.eu/document/download/590e983b-c937-41ea-bb9f-810c29e70e1e_en
aluminyum dirsek,AL-008,Alüminyum boru fitting,Alüminyum,76090000,IN,high,,,,https://taxation-customs.ec.europa.eu/document/download/590e983b-c937-41ea-bb9f-810c29e70e1e_en
aluminyum fitting,AL-008,Alüminyum boru fitting,Alüminyum,76090000,IN,high,,,,https://taxation-customs.ec.europa.eu/document/download/590e983b-c937-41ea-bb9f-810c29e70e1e_en
aluminyum manson,AL-008,Alüminyum boru fitting,Alüminyum,76090000,IN,high,,,,https://taxation-customs.ec.europa.eu/document/download/590e983b-c937-41ea-bb9f-810c29e70e1e_en
aluminyum rakor,AL-008,Alüminyum boru fitting,Alüminyum,76090000,IN,high,,,,https://taxation-customs.ec.europa.eu/document/download/590e983b-c937-41ea-bb9f-810c29e70e1e_en
alüminyum boru fitting,AL-008,Alüminyum boru fitting,Alüminyum,76090000,IN,high,,,,https://taxation-customs.ec.europa.eu/document/download/590e983b-c937-41ea-bb9f-810c29e70e1e_en
alüminyum dirsek,AL-008,Alüminyum boru fitting,Alüminyum,76090000,IN,high,,,,https://taxation-customs.ec.europa.eu/document/download/590e983b-c937-41ea-bb9f-810c29e70e1e_en
alüminyum fitting,AL-008,Alüminyum boru fitting,Alüminyum,76090000,IN,high,,,,https://taxation-customs.ec.europa.eu/document/download/590e983b-c937-41ea-bb9f-810c29e70e1e_en
alüminyum manşon,AL-008,Alüminyum boru fitting,Alüminyum,76090000,IN,high,,,,https://taxation-customs.ec.europa.eu/document/download/590e983b-c937-41ea-bb9f-810c29e70e1e_en
alüminyum rakor,AL-008,Alüminyum boru fitting,Alüminyum,76090000,IN,high,,,,https://taxation-customs.ec.europa.eu/document/download/590e983b-c937-41ea-bb9f-810c29e70e1e_en
aluminium door,AL-009,Alüminyum kapı / pencere / doğrama,Alüminyum,76101000,IN,high,"Ana taşıyıcı malzeme alüminyum mu? || Komple pencere/kapı mı, yalnız profil mi?",Yalnız ham profil ise 7604 olabilir,,https://taxation-customs.ec.europa.eu/document/download/590e983b-c937-41ea-bb9f-810c29e70e1e_en
aluminium window,AL-009,Alüminyum kapı / pencere / doğrama,Alüminyum,76101000,IN,high,"Ana taşıyıcı malzeme alüminyum mu? || Komple pencere/kapı mı, yalnız profil mi?",Yalnız ham profil ise 7604 olabilir,,https://taxation-customs.ec.europa.eu/document/download/590e983b-c937-41ea-bb9f-810c29e70e1e_en
aluminyum dograma,AL-009,Alüminyum kapı / pencere / doğrama,Alüminyum,76101000,IN,high,"Ana taşıyıcı malzeme alüminyum mu? || Komple pencere/kapı mı, yalnız profil mi?",Yalnız ham profil ise 7604 olabilir,,https://taxation-customs.ec.europa.eu/document/download/590e983b-c937-41ea-bb9f-810c29e70e1e_en
aluminyum kapi,AL-009,Alüminyum kapı / pencere / doğrama,Alüminyum,76101000,IN,high,"Ana taşıyıcı malzeme alüminyum mu? || Komple pencere/kapı mı, yalnız profil mi?",Yalnız ham profil ise 7604 olabilir,,https://taxation-customs.ec.europa.eu/document/download/590e983b-c937-41ea-bb9f-810c29e70e1e_en
aluminyum kapi / pencere / dograma,AL-009,Alüminyum kapı / pencere / doğrama,Alüminyum,76101000,IN,high,"Ana taşıyıcı malzeme alüminyum mu? || Komple pencere/kapı mı, yalnız profil mi?",Yalnız ham profil ise 7604 olabilir,,https://taxation-customs.ec.europa.eu/document/download/590e983b-c937-41ea-bb9f-810c29e70e1e_en
aluminyum pencere,AL-009,Alüminyum kapı / pencere / doğrama,Alüminyum,76101000,IN,high,"Ana taşıyıcı malzeme alüminyum mu? || Komple pencere/kapı mı, yalnız profil mi?",Yalnız ham profil ise 7604 olabilir,,https://taxation-customs.ec.europa.eu/document/download/590e983b-c937-41ea-bb9f-810c29e70e1e_en
aluminyum surme dograma,AL-009,Alüminyum kapı / pencere / doğrama,Alüminyum,76101000,IN,high,"Ana taşıyıcı malzeme alüminyum mu? || Komple pencere/kapı mı, yalnız profil mi?",Yalnız ham profil ise 7604 olabilir,,https://taxation-customs.ec.europa.eu/document/download/590e983b-c937-41ea-bb9f-810c29e70e1e_en
alüminyum doğrama,AL-009,Alüminyum kapı / pencere / doğrama,Alüminyum,76101000,IN,high,"Ana taşıyıcı malzeme alüminyum mu? || Komple pencere/kapı mı, yalnız profil mi?",Yalnız ham profil ise 7604 olabilir,,https://taxation-customs.ec.europa.eu/document/download/590e983b-c937-41ea-bb9f-810c29e70e1e_en
alüminyum kapı,AL-009,Alüminyum kapı / pencere / doğrama,Alüminyum,76101000,IN,high,"Ana taşıyıcı malzeme alüminyum mu? || Komple pencere/kapı mı, yalnız profil mi?",Yalnız ham profil ise 7604 olabilir,,https://taxation-customs.ec.europa.eu/document/download/590e983b-c937-41ea-bb9f-810c29e70e1e_en
alüminyum kapı / pencere / doğrama,AL-009,Alüminyum kapı / pencere / doğrama,Alüminyum,76101000,IN,high,"Ana taşıyıcı malzeme alüminyum mu? || Komple pencere/kapı mı, yalnız profil mi?",Yalnız ham profil ise 7604 olabilir,,https://taxation-customs.ec.europa.eu/document/download/590e983b-c937-41ea-bb9f-810c29e70e1e_en
alüminyum pencere,AL-009,Alüminyum kapı / pencere / doğrama,Alüminyum,76101000,IN,high,"Ana taşıyıcı malzeme alüminyum mu? || Komple pencere/kapı mı, yalnız profil mi?",Yalnız ham profil ise 7604 olabilir,,https://taxation-customs.ec.europa.eu/document/download/590e983b-c937-41ea-bb9f-810c29e70e1e_en
alüminyum sürme doğrama,AL-009,Alüminyum kapı / pencere / doğrama,Alüminyum,76101000,IN,high,"Ana taşıyıcı malzeme alüminyum mu? || Komple pencere/kapı mı, yalnız profil mi?",Yalnız ham profil ise 7604 olabilir,,https://taxation-customs.ec.europa.eu/document/download/590e983b-c937-41ea-bb9f-810c29e70e1e_en
isi yalitimli aluminyum pencere,AL-009,Alüminyum kapı / pencere / doğrama,Alüminyum,76101000,IN,high,"Ana taşıyıcı malzeme alüminyum mu? || Komple pencere/kapı mı, yalnız profil mi?",Yalnız ham profil ise 7604 olabilir,,https://taxation-customs.ec.europa.eu/document/download/590e983b-c937-41ea-bb9f-810c29e70e1e_en
ısı yalıtımlı alüminyum pencere,AL-009,Alüminyum kapı / pencere / doğrama,Alüminyum,76101000,IN,high,"Ana taşıyıcı malzeme alüminyum mu? || Komple pencere/kapı mı, yalnız profil mi?",Yalnız ham profil ise 7604 olabilir,,https://taxation-customs.ec.europa.eu/document/download/590e983b-c937-41ea-bb9f-810c29e70e1e_en
aluminyum balkon sistemi,AL-010,Alüminyum yapı / korkuluk / cephe,Alüminyum,7610,IN,high,Ürün yapıda kullanılmak üzere hazırlanmış mı? || Prefabrik bina niteliğinde mi?,9406 prefabrik bina olabilir,,https://taxation-customs.ec.europa.eu/document/download/590e983b-c937-41ea-bb9f-810c29e70e1e_en
aluminyum cati,AL-010,Alüminyum yapı / korkuluk / cephe,Alüminyum,7610,IN,high,Ürün yapıda kullanılmak üzere hazırlanmış mı? || Prefabrik bina niteliğinde mi?,9406 prefabrik bina olabilir,,https://taxation-customs.ec.europa.eu/document/download/590e983b-c937-41ea-bb9f-810c29e70e1e_en
aluminyum cephe,AL-010,Alüminyum yapı / korkuluk / cephe,Alüminyum,7610,IN,high,Ürün yapıda kullanılmak üzere hazırlanmış mı? || Prefabrik bina niteliğinde mi?,9406 prefabrik bina olabilir,,https://taxation-customs.ec.europa.eu/document/download/590e983b-c937-41ea-bb9f-810c29e70e1e_en
aluminyum kolon,AL-010,Alüminyum yapı / korkuluk / cephe,Alüminyum,7610,IN,high,Ürün yapıda kullanılmak üzere hazırlanmış mı? || Prefabrik bina niteliğinde mi?,9406 prefabrik bina olabilir,,https://taxation-customs.ec.europa.eu/document/download/590e983b-c937-41ea-bb9f-810c29e70e1e_en
aluminyum kopru,AL-010,Alüminyum yapı / korkuluk / cephe,Alüminyum,7610,IN,high,Ürün yapıda kullanılmak üzere hazırlanmış mı? || Prefabrik bina niteliğinde mi?,9406 prefabrik bina olabilir,,https://taxation-customs.ec.europa.eu/document/download/590e983b-c937-41ea-bb9f-810c29e70e1e_en
aluminyum korkuluk,AL-010,Alüminyum yapı / korkuluk / cephe,Alüminyum,7610,IN,high,Ürün yapıda kullanılmak üzere hazırlanmış mı? || Prefabrik bina niteliğinde mi?,9406 prefabrik bina olabilir,,https://taxation-customs.ec.europa.eu/document/download/590e983b-c937-41ea-bb9f-810c29e70e1e_en
aluminyum kule,AL-010,Alüminyum yapı / korkuluk / cephe,Alüminyum,7610,IN,high,Ürün yapıda kullanılmak üzere hazırlanmış mı? || Prefabrik bina niteliğinde mi?,9406 prefabrik bina olabilir,,https://taxation-customs.ec.europa.eu/document/download/590e983b-c937-41ea-bb9f-810c29e70e1e_en
aluminyum kupeste,AL-010,Alüminyum yapı / korkuluk / cephe,Alüminyum,7610,IN,high,Ürün yapıda kullanılmak üzere hazırlanmış mı? || Prefabrik bina niteliğinde mi?,9406 prefabrik bina olabilir,,https://taxation-customs.ec.europa.eu/document/download/590e983b-c937-41ea-bb9f-810c29e70e1e_en
aluminyum pergola,AL-010,Alüminyum yapı / korkuluk / cephe,Alüminyum,7610,IN,high,Ürün yapıda kullanılmak üzere hazırlanmış mı? || Prefabrik bina niteliğinde mi?,9406 prefabrik bina olabilir,,https://taxation-customs.ec.europa.eu/document/download/590e983b-c937-41ea-bb9f-810c29e70e1e_en
aluminyum veranda,AL-010,Alüminyum yapı / korkuluk / cephe,Alüminyum,7610,IN,high,Ürün yapıda kullanılmak üzere hazırlanmış mı? || Prefabrik bina niteliğinde mi?,9406 prefabrik bina olabilir,,https://taxation-customs.ec.europa.eu/document/download/590e983b-c937-41ea-bb9f-810c29e70e1e_en
aluminyum yapi / korkuluk / cephe,AL-010,Alüminyum yapı / korkuluk / cephe,Alüminyum,7610,IN,high,Ürün yapıda kullanılmak üzere hazırlanmış mı? || Prefabrik bina niteliğinde mi?,9406 prefabrik bina olabilir,,https://taxation-customs.ec.europa.eu/document/download/590e983b-c937-41ea-bb9f-810c29e70e1e_en
alüminyum balkon sistemi,AL-010,Alüminyum yapı / korkuluk / cephe,Alüminyum,7610,IN,high,Ürün yapıda kullanılmak üzere hazırlanmış mı? || Prefabrik bina niteliğinde mi?,9406 prefabrik bina olabilir,,https://taxation-customs.ec.europa.eu/document/download/590e983b-c937-41ea-bb9f-810c29e70e1e_en
alüminyum cephe,AL-010,Alüminyum yapı / korkuluk / cephe,Alüminyum,7610,IN,high,Ürün yapıda kullanılmak üzere hazırlanmış mı? || Prefabrik bina niteliğinde mi?,9406 prefabrik bina olabilir,,https://taxation-customs.ec.europa.eu/document/download/590e983b-c937-41ea-bb9f-810c29e70e1e_en
alüminyum kolon,AL-010,Alüminyum yapı / korkuluk / cephe,Alüminyum,7610,IN,high,Ürün yapıda kullanılmak üzere hazırlanmış mı? || Prefabrik bina niteliğinde mi?,9406 prefabrik bina olabilir,,https://taxation-customs.ec.europa.eu/document/download/590e983b-c937-41ea-bb9f-810c29e70e1e_en
alüminyum korkuluk,AL-010,Alüminyum yapı / korkuluk / cephe,Alüminyum,7610,IN,high,Ürün yapıda kullanılmak üzere hazırlanmış mı? || Prefabrik bina niteliğinde mi?,9406 prefabrik bina olabilir,,https://taxation-customs.ec.europa.eu/document/download/590e983b-c937-41ea-bb9f-810c29e70e1e_en
alüminyum kule,AL-010,Alüminyum yapı / korkuluk / cephe,Alüminyum,7610,IN,high,Ürün yapıda kullanılmak üzere hazırlanmış mı? || Prefabrik bina niteliğinde mi?,9406 prefabrik bina olabilir,,https://taxation-customs.ec.europa.eu/document/download/590e983b-c937-41ea-bb9f-810c29e70e1e_en
alüminyum köprü,AL-010,Alüminyum yapı / korkuluk / cephe,Alüminyum,7610,IN,high,Ürün yapıda kullanılmak üzere hazırlanmış mı? || Prefabrik bina niteliğinde mi?,9406 prefabrik bina olabilir,,https://taxation-customs.ec.europa.eu/document/download/590e983b-c937-41ea-bb9f-810c29e70e1e_en
alüminyum küpeşte,AL-010,Alüminyum yapı / korkuluk / cephe,Alüminyum,7610,IN,high,Ürün yapıda kullanılmak üzere hazırlanmış mı? || Prefabrik bina niteliğinde mi?,9406 prefabrik bina olabilir,,https://taxation-customs.ec.europa.eu/document/download/590e983b-c937-41ea-bb9f-810c29e70e1e_en
alüminyum pergola,AL-010,Alüminyum yapı / korkuluk / cephe,Alüminyum,7610,IN,high,Ürün yapıda kullanılmak üzere hazırlanmış mı? || Prefabrik bina niteliğinde mi?,9406 prefabrik bina olabilir,,https://taxation-customs.ec.europa.eu/document/download/590e983b-c937-41ea-bb9f-810c29e70e1e_en
alüminyum veranda,AL-010,Alüminyum yapı / korkuluk / cephe,Alüminyum,7610,IN,high,Ürün yapıda kullanılmak üzere hazırlanmış mı? || Prefabrik bina niteliğinde mi?,9406 prefabrik bina olabilir,,https://taxation-customs.ec.europa.eu/document/download/590e983b-c937-41ea-bb9f-810c29e70e1e_en
alüminyum yapı / korkuluk / cephe,AL-010,Alüminyum yapı / korkuluk / cephe,Alüminyum,7610,IN,high,Ürün yapıda kullanılmak üzere hazırlanmış mı? || Prefabrik bina niteliğinde mi?,9406 prefabrik bina olabilir,,https://taxation-customs.ec.europa.eu/document/download/590e983b-c937-41ea-bb9f-810c29e70e1e_en
alüminyum çatı,AL-010,Alüminyum yapı / korkuluk / cephe,Alüminyum,7610,IN,high,Ürün yapıda kullanılmak üzere hazırlanmış mı? || Prefabrik bina niteliğinde mi?,9406 prefabrik bina olabilir,,https://taxation-customs.ec.europa.eu/document/download/590e983b-c937-41ea-bb9f-810c29e70e1e_en
aluminium tank,AL-011,Büyük alüminyum tank >300 L,Alüminyum,76110000,IN,medium,Kapasite 300 L üzerinde mi? || Basınçlı gaz için mi? || Mekanik/termal ekipman var mı?,,,https://taxation-customs.ec.europa.eu/document/download/590e983b-c937-41ea-bb9f-810c29e70e1e_en
aluminyum depo,AL-011,Büyük alüminyum tank >300 L,Alüminyum,76110000,IN,medium,Kapasite 300 L üzerinde mi? || Basınçlı gaz için mi? || Mekanik/termal ekipman var mı?,,,https://taxation-customs.ec.europa.eu/document/download/590e983b-c937-41ea-bb9f-810c29e70e1e_en
aluminyum rezervuar,AL-011,Büyük alüminyum tank >300 L,Alüminyum,76110000,IN,medium,Kapasite 300 L üzerinde mi? || Basınçlı gaz için mi? || Mekanik/termal ekipman var mı?,,,https://taxation-customs.ec.europa.eu/document/download/590e983b-c937-41ea-bb9f-810c29e70e1e_en
aluminyum tank,AL-011,Büyük alüminyum tank >300 L,Alüminyum,76110000,IN,medium,Kapasite 300 L üzerinde mi? || Basınçlı gaz için mi? || Mekanik/termal ekipman var mı?,,,https://taxation-customs.ec.europa.eu/document/download/590e983b-c937-41ea-bb9f-810c29e70e1e_en
alüminyum depo,AL-011,Büyük alüminyum tank >300 L,Alüminyum,76110000,IN,medium,Kapasite 300 L üzerinde mi? || Basınçlı gaz için mi? || Mekanik/termal ekipman var mı?,,,https://taxation-customs.ec.europa.eu/document/download/590e983b-c937-41ea-bb9f-810c29e70e1e_en
alüminyum rezervuar,AL-011,Büyük alüminyum tank >300 L,Alüminyum,76110000,IN,medium,Kapasite 300 L üzerinde mi? || Basınçlı gaz için mi? || Mekanik/termal ekipman var mı?,,,https://taxation-customs.ec.europa.eu/document/download/590e983b-c937-41ea-bb9f-810c29e70e1e_en
alüminyum tank,AL-011,Büyük alüminyum tank >300 L,Alüminyum,76110000,IN,medium,Kapasite 300 L üzerinde mi? || Basınçlı gaz için mi? || Mekanik/termal ekipman var mı?,,,https://taxation-customs.ec.europa.eu/document/download/590e983b-c937-41ea-bb9f-810c29e70e1e_en
buyuk aluminyum tank >300 l,AL-011,Büyük alüminyum tank >300 L,Alüminyum,76110000,IN,medium,Kapasite 300 L üzerinde mi? || Basınçlı gaz için mi? || Mekanik/termal ekipman var mı?,,,https://taxation-customs.ec.europa.eu/document/download/590e983b-c937-41ea-bb9f-810c29e70e1e_en
büyük alüminyum tank >300 l,AL-011,Büyük alüminyum tank >300 L,Alüminyum,76110000,IN,medium,Kapasite 300 L üzerinde mi? || Basınçlı gaz için mi? || Mekanik/termal ekipman var mı?,,,https://taxation-customs.ec.europa.eu/document/download/590e983b-c937-41ea-bb9f-810c29e70e1e_en
aerosol kutusu,AL-012,Alüminyum kutu / aerosol kutusu / kap ≤300 L,Alüminyum,7612,IN,medium,Kapasite ≤300 L mi? || Ambalaj türü aerosol/kutu/tüp mü?,,,https://taxation-customs.ec.europa.eu/document/download/590e983b-c937-41ea-bb9f-810c29e70e1e_en
aluminium can,AL-012,Alüminyum kutu / aerosol kutusu / kap ≤300 L,Alüminyum,7612,IN,medium,Kapasite ≤300 L mi? || Ambalaj türü aerosol/kutu/tüp mü?,,,https://taxation-customs.ec.europa.eu/document/download/590e983b-c937-41ea-bb9f-810c29e70e1e_en
aluminyum kutu,AL-012,Alüminyum kutu / aerosol kutusu / kap ≤300 L,Alüminyum,7612,IN,medium,Kapasite ≤300 L mi? || Ambalaj türü aerosol/kutu/tüp mü?,,,https://taxation-customs.ec.europa.eu/document/download/590e983b-c937-41ea-bb9f-810c29e70e1e_en
aluminyum kutu / aerosol kutusu / kap ≤300 l,AL-012,Alüminyum kutu / aerosol kutusu / kap ≤300 L,Alüminyum,7612,IN,medium,Kapasite ≤300 L mi? || Ambalaj türü aerosol/kutu/tüp mü?,,,https://taxation-customs.ec.europa.eu/document/download/590e983b-c937-41ea-bb9f-810c29e70e1e_en
aluminyum teneke,AL-012,Alüminyum kutu / aerosol kutusu / kap ≤300 L,Alüminyum,7612,IN,medium,Kapasite ≤300 L mi? || Ambalaj türü aerosol/kutu/tüp mü?,,,https://taxation-customs.ec.europa.eu/document/download/590e983b-c937-41ea-bb9f-810c29e70e1e_en
aluminyum tup ambalaj,AL-012,Alüminyum kutu / aerosol kutusu / kap ≤300 L,Alüminyum,7612,IN,medium,Kapasite ≤300 L mi? || Ambalaj türü aerosol/kutu/tüp mü?,,,https://taxation-customs.ec.europa.eu/document/download/590e983b-c937-41ea-bb9f-810c29e70e1e_en
aluminyum varil,AL-012,Alüminyum kutu / aerosol kutusu / kap ≤300 L,Alüminyum,7612,IN,medium,Kapasite ≤300 L mi? || Ambalaj türü aerosol/kutu/tüp mü?,,,https://taxation-customs.ec.europa.eu/document/download/590e983b-c937-41ea-bb9f-810c29e70e1e_en
alüminyum kutu,AL-012,Alüminyum kutu / aerosol kutusu / kap ≤300 L,Alüminyum,7612,IN,medium,Kapasite ≤300 L mi? || Ambalaj türü aerosol/kutu/tüp mü?,,,https://taxation-customs.ec.europa.eu/document/download/590e983b-c937-41ea-bb9f-810c29e70e1e_en
alüminyum kutu / aerosol kutusu / kap ≤300 l,AL-012,Alüminyum kutu / aerosol kutusu / kap ≤300 L,Alüminyum,7612,IN,medium,Kapasite ≤300 L mi? || Ambalaj türü aerosol/kutu/tüp mü?,,,https://taxation-customs.ec.europa.eu/document/download/590e983b-c937-41ea-bb9f-810c29e70e1e_en
alüminyum teneke,AL-012,Alüminyum kutu / aerosol kutusu / kap ≤300 L,Alüminyum,7612,IN,medium,Kapasite ≤300 L mi? || Ambalaj türü aerosol/kutu/tüp mü?,,,https://taxation-customs.ec.europa.eu/document/download/590e983b-c937-41ea-bb9f-810c29e70e1e_en
alüminyum tüp ambalaj,AL-012,Alüminyum kutu / aerosol kutusu / kap ≤300 L,Alüminyum,7612,IN,medium,Kapasite ≤300 L mi? || Ambalaj türü aerosol/kutu/tüp mü?,,,https://taxation-customs.ec.europa.eu/document/download/590e983b-c937-41ea-bb9f-810c29e70e1e_en
alüminyum varil,AL-012,Alüminyum kutu / aerosol kutusu / kap ≤300 L,Alüminyum,7612,IN,medium,Kapasite ≤300 L mi? || Ambalaj türü aerosol/kutu/tüp mü?,,,https://taxation-customs.ec.europa.eu/document/download/590e983b-c937-41ea-bb9f-810c29e70e1e_en
aluminium gas cylinder,AL-013,Alüminyum basınçlı gaz kabı,Alüminyum,76130000,IN,high,,,,https://taxation-customs.ec.europa.eu/document/download/590e983b-c937-41ea-bb9f-810c29e70e1e_en
aluminyum basincli gaz kabi,AL-013,Alüminyum basınçlı gaz kabı,Alüminyum,76130000,IN,high,,,,https://taxation-customs.ec.europa.eu/document/download/590e983b-c937-41ea-bb9f-810c29e70e1e_en
aluminyum basincli kap,AL-013,Alüminyum basınçlı gaz kabı,Alüminyum,76130000,IN,high,,,,https://taxation-customs.ec.europa.eu/document/download/590e983b-c937-41ea-bb9f-810c29e70e1e_en
aluminyum gaz tupu,AL-013,Alüminyum basınçlı gaz kabı,Alüminyum,76130000,IN,high,,,,https://taxation-customs.ec.europa.eu/document/download/590e983b-c937-41ea-bb9f-810c29e70e1e_en
alüminyum basınçlı gaz kabı,AL-013,Alüminyum basınçlı gaz kabı,Alüminyum,76130000,IN,high,,,,https://taxation-customs.ec.europa.eu/document/download/590e983b-c937-41ea-bb9f-810c29e70e1e_en
alüminyum basınçlı kap,AL-013,Alüminyum basınçlı gaz kabı,Alüminyum,76130000,IN,high,,,,https://taxation-customs.ec.europa.eu/document/download/590e983b-c937-41ea-bb9f-810c29e70e1e_en
alüminyum gaz tüpü,AL-013,Alüminyum basınçlı gaz kabı,Alüminyum,76130000,IN,high,,,,https://taxation-customs.ec.europa.eu/document/download/590e983b-c937-41ea-bb9f-810c29e70e1e_en
acsr,AL-014,Alüminyum örgülü tel / çelik özlü iletken,Alüminyum,7614,IN,medium,Elektriksel olarak yalıtılmış mı?,,,https://taxation-customs.ec.europa.eu/document/download/590e983b-c937-41ea-bb9f-810c29e70e1e_en
aluminium stranded wire,AL-014,Alüminyum örgülü tel / çelik özlü iletken,Alüminyum,7614,IN,medium,Elektriksel olarak yalıtılmış mı?,,,https://taxation-customs.ec.europa.eu/document/download/590e983b-c937-41ea-bb9f-810c29e70e1e_en
aluminyum halat,AL-014,Alüminyum örgülü tel / çelik özlü iletken,Alüminyum,7614,IN,medium,Elektriksel olarak yalıtılmış mı?,,,https://taxation-customs.ec.europa.eu/document/download/590e983b-c937-41ea-bb9f-810c29e70e1e_en
aluminyum orgulu tel,AL-014,Alüminyum örgülü tel / çelik özlü iletken,Alüminyum,7614,IN,medium,Elektriksel olarak yalıtılmış mı?,,,https://taxation-customs.ec.europa.eu/document/download/590e983b-c937-41ea-bb9f-810c29e70e1e_en
aluminyum orgulu tel / celik ozlu iletken,AL-014,Alüminyum örgülü tel / çelik özlü iletken,Alüminyum,7614,IN,medium,Elektriksel olarak yalıtılmış mı?,,,https://taxation-customs.ec.europa.eu/document/download/590e983b-c937-41ea-bb9f-810c29e70e1e_en
alüminyum halat,AL-014,Alüminyum örgülü tel / çelik özlü iletken,Alüminyum,7614,IN,medium,Elektriksel olarak yalıtılmış mı?,,,https://taxation-customs.ec.europa.eu/document/download/590e983b-c937-41ea-bb9f-810c29e70e1e_en
alüminyum örgülü tel,AL-014,Alüminyum örgülü tel / çelik özlü iletken,Alüminyum,7614,IN,medium,Elektriksel olarak yalıtılmış mı?,,,https://taxation-customs.ec.europa.eu/document/download/590e983b-c937-41ea-bb9f-810c29e70e1e_en
alüminyum örgülü tel / çelik özlü iletken,AL-014,Alüminyum örgülü tel / çelik özlü iletken,Alüminyum,7614,IN,medium,Elektriksel olarak yalıtılmış mı?,,,https://taxation-customs.ec.europa.eu/document/download/590e983b-c937-41ea-bb9f-810c29e70e1e_en
celik ozlu aluminyum iletken,AL-014,Alüminyum örgülü tel / çelik özlü iletken,Alüminyum,7614,IN,medium,Elektriksel olarak yalıtılmış mı?,,,https://taxation-customs.ec.europa.eu/document/download/590e983b-c937-41ea-bb9f-810c29e70e1e_en
çelik özlü alüminyum iletken,AL-014,Alüminyum örgülü tel / çelik özlü iletken,Alüminyum,7614,IN,medium,Elektriksel olarak yalıtılmış mı?,,,https://taxation-customs.ec.europa.eu/document/download/590e983b-c937-41ea-bb9f-810c29e70e1e_en
aluminium fastener,AL-015,Alüminyum bağlantı elemanı,Alüminyum,76161000,IN,high,,,,https://taxation-customs.ec.europa.eu/document/download/590e983b-c937-41ea-bb9f-810c29e70e1e_en
aluminyum baglanti elemani,AL-015,Alüminyum bağlantı elemanı,Alüminyum,76161000,IN,high,,,,https://taxation-customs.ec.europa.eu/document/download/590e983b-c937-41ea-bb9f-810c29e70e1e_en
aluminyum civata,AL-015,Alüminyum bağlantı elemanı,Alüminyum,76161000,IN,high,,,,https://taxation-customs.ec.europa.eu/document/download/590e983b-c937-41ea-bb9f-810c29e70e1e_en
aluminyum percin,AL-015,Alüminyum bağlantı elemanı,Alüminyum,76161000,IN,high,,,,https://taxation-customs.ec.europa.eu/document/download/590e983b-c937-41ea-bb9f-810c29e70e1e_en
aluminyum rondela,AL-015,Alüminyum bağlantı elemanı,Alüminyum,76161000,IN,high,,,,https://taxation-customs.ec.europa.eu/document/download/590e983b-c937-41ea-bb9f-810c29e70e1e_en
aluminyum somun,AL-015,Alüminyum bağlantı elemanı,Alüminyum,76161000,IN,high,,,,https://taxation-customs.ec.europa.eu/document/download/590e983b-c937-41ea-bb9f-810c29e70e1e_en
aluminyum vida,AL-015,Alüminyum bağlantı elemanı,Alüminyum,76161000,IN,high,,,,https://taxation-customs.ec.europa.eu/document/download/590e983b-c937-41ea-bb9f-810c29e70e1e_en
alüminyum bağlantı elemanı,AL-015,Alüminyum bağlantı elemanı,Alüminyum,76161000,IN,high,,,,https://taxation-customs.ec.europa.eu/document/download/590e983b-c937-41ea-bb9f-810c29e70e1e_en
alüminyum cıvata,AL-015,Alüminyum bağlantı elemanı,Alüminyum,76161000,IN,high,,,,https://taxation-customs.ec.europa.eu/document/download/590e983b-c937-41ea-bb9f-810c29e70e1e_en
alüminyum perçin,AL-015,Alüminyum bağlantı elemanı,Alüminyum,76161000,IN,high,,,,https://taxation-customs.ec.europa.eu/document/download/590e983b-c937-41ea-bb9f-810c29e70e1e_en
alüminyum rondela,AL-015,Alüminyum bağlantı elemanı,Alüminyum,76161000,IN,high,,,,https://taxation-customs.ec.europa.eu/document/download/590e983b-c937-41ea-bb9f-810c29e70e1e_en
alüminyum somun,AL-015,Alüminyum bağlantı elemanı,Alüminyum,76161000,IN,high,,,,https://taxation-customs.ec.europa.eu/document/download/590e983b-c937-41ea-bb9f-810c29e70e1e_en
alüminyum vida,AL-015,Alüminyum bağlantı elemanı,Alüminyum,76161000,IN,high,,,,https://taxation-customs.ec.europa.eu/document/download/590e983b-c937-41ea-bb9f-810c29e70e1e_en
aluminium wire mesh,AL-016,Alüminyum tel örgü / mesh,Alüminyum,76169100,IN,high,,,,https://taxation-customs.ec.europa.eu/document/download/590e983b-c937-41ea-bb9f-810c29e70e1e_en
aluminyum kafes,AL-016,Alüminyum tel örgü / mesh,Alüminyum,76169100,IN,high,,,,https://taxation-customs.ec.europa.eu/document/download/590e983b-c937-41ea-bb9f-810c29e70e1e_en
aluminyum mesh,AL-016,Alüminyum tel örgü / mesh,Alüminyum,76169100,IN,high,,,,https://taxation-customs.ec.europa.eu/document/download/590e983b-c937-41ea-bb9f-810c29e70e1e_en
aluminyum tel orgu,AL-016,Alüminyum tel örgü / mesh,Alüminyum,76169100,IN,high,,,,https://taxation-customs.ec.europa.eu/document/download/590e983b-c937-41ea-bb9f-810c29e70e1e_en
aluminyum tel orgu / mesh,AL-016,Alüminyum tel örgü / mesh,Alüminyum,76169100,IN,high,,,,https://taxation-customs.ec.europa.eu/document/download/590e983b-c937-41ea-bb9f-810c29e70e1e_en
alüminyum kafes,AL-016,Alüminyum tel örgü / mesh,Alüminyum,76169100,IN,high,,,,https://taxation-customs.ec.europa.eu/document/download/590e983b-c937-41ea-bb9f-810c29e70e1e_en
alüminyum mesh,AL-016,Alüminyum tel örgü / mesh,Alüminyum,76169100,IN,high,,,,https://taxation-customs.ec.europa.eu/document/download/590e983b-c937-41ea-bb9f-810c29e70e1e_en
alüminyum tel örgü,AL-016,Alüminyum tel örgü / mesh,Alüminyum,76169100,IN,high,,,,https://taxation-customs.ec.europa.eu/document/download/590e983b-c937-41ea-bb9f-810c29e70e1e_en
alüminyum tel örgü / mesh,AL-016,Alüminyum tel örgü / mesh,Alüminyum,76169100,IN,high,,,,https://taxation-customs.ec.europa.eu/document/download/590e983b-c937-41ea-bb9f-810c29e70e1e_en
aluminium casting,AL-017,Döküm alüminyum parça,Alüminyum,76169910,IN,low,Parçanın özel bir makine/cihaz fonksiyonu var mı? || Başka bir pozisyonda açıkça tanımlanıyor mu?,,,https://taxation-customs.ec.europa.eu/document/download/590e983b-c937-41ea-bb9f-810c29e70e1e_en
aluminyum dokum govde,AL-017,Döküm alüminyum parça,Alüminyum,76169910,IN,low,Parçanın özel bir makine/cihaz fonksiyonu var mı? || Başka bir pozisyonda açıkça tanımlanıyor mu?,,,https://taxation-customs.ec.europa.eu/document/download/590e983b-c937-41ea-bb9f-810c29e70e1e_en
aluminyum dokum parca,AL-017,Döküm alüminyum parça,Alüminyum,76169910,IN,low,Parçanın özel bir makine/cihaz fonksiyonu var mı? || Başka bir pozisyonda açıkça tanımlanıyor mu?,,,https://taxation-customs.ec.europa.eu/document/download/590e983b-c937-41ea-bb9f-810c29e70e1e_en
alüminyum döküm gövde,AL-017,Döküm alüminyum parça,Alüminyum,76169910,IN,low,Parçanın özel bir makine/cihaz fonksiyonu var mı? || Başka bir pozisyonda açıkça tanımlanıyor mu?,,,https://taxation-customs.ec.europa.eu/document/download/590e983b-c937-41ea-bb9f-810c29e70e1e_en
alüminyum döküm parça,AL-017,Döküm alüminyum parça,Alüminyum,76169910,IN,low,Parçanın özel bir makine/cihaz fonksiyonu var mı? || Başka bir pozisyonda açıkça tanımlanıyor mu?,,,https://taxation-customs.ec.europa.eu/document/download/590e983b-c937-41ea-bb9f-810c29e70e1e_en
dokum aluminyum aparat,AL-017,Döküm alüminyum parça,Alüminyum,76169910,IN,low,Parçanın özel bir makine/cihaz fonksiyonu var mı? || Başka bir pozisyonda açıkça tanımlanıyor mu?,,,https://taxation-customs.ec.europa.eu/document/download/590e983b-c937-41ea-bb9f-810c29e70e1e_en
dokum aluminyum parca,AL-017,Döküm alüminyum parça,Alüminyum,76169910,IN,low,Parçanın özel bir makine/cihaz fonksiyonu var mı? || Başka bir pozisyonda açıkça tanımlanıyor mu?,,,https://taxation-customs.ec.europa.eu/document/download/590e983b-c937-41ea-bb9f-810c29e70e1e_en
döküm alüminyum aparat,AL-017,Döküm alüminyum parça,Alüminyum,76169910,IN,low,Parçanın özel bir makine/cihaz fonksiyonu var mı? || Başka bir pozisyonda açıkça tanımlanıyor mu?,,,https://taxation-customs.ec.europa.eu/document/download/590e983b-c937-41ea-bb9f-810c29e70e1e_en
döküm alüminyum parça,AL-017,Döküm alüminyum parça,Alüminyum,76169910,IN,low,Parçanın özel bir makine/cihaz fonksiyonu var mı? || Başka bir pozisyonda açıkça tanımlanıyor mu?,,,https://taxation-customs.ec.europa.eu/document/download/590e983b-c937-41ea-bb9f-810c29e70e1e_en
aluminyum aparat,AL-018,Diğer alüminyum eşya,Alüminyum,76169990,IN,low,Ürünün fonksiyonu nedir? || Makine/otomotiv/mobilya parçası olarak özel pozisyonu var mı?,,7616 torba pozisyon niteliğinde olabilir; fonksiyon bazlı sınıflandırma gerekir.,https://taxation-customs.ec.europa.eu/document/download/590e983b-c937-41ea-bb9f-810c29e70e1e_en
aluminyum baglanti plakasi,AL-018,Diğer alüminyum eşya,Alüminyum,76169990,IN,low,Ürünün fonksiyonu nedir? || Makine/otomotiv/mobilya parçası olarak özel pozisyonu var mı?,,7616 torba pozisyon niteliğinde olabilir; fonksiyon bazlı sınıflandırma gerekir.,https://taxation-customs.ec.europa.eu/document/download/590e983b-c937-41ea-bb9f-810c29e70e1e_en
aluminyum braket,AL-018,Diğer alüminyum eşya,Alüminyum,76169990,IN,low,Ürünün fonksiyonu nedir? || Makine/otomotiv/mobilya parçası olarak özel pozisyonu var mı?,,7616 torba pozisyon niteliğinde olabilir; fonksiyon bazlı sınıflandırma gerekir.,https://taxation-customs.ec.europa.eu/document/download/590e983b-c937-41ea-bb9f-810c29e70e1e_en
aluminyum konsol,AL-018,Diğer alüminyum eşya,Alüminyum,76169990,IN,low,Ürünün fonksiyonu nedir? || Makine/otomotiv/mobilya parçası olarak özel pozisyonu var mı?,,7616 torba pozisyon niteliğinde olabilir; fonksiyon bazlı sınıflandırma gerekir.,https://taxation-customs.ec.europa.eu/document/download/590e983b-c937-41ea-bb9f-810c29e70e1e_en
alüminyum aparat,AL-018,Diğer alüminyum eşya,Alüminyum,76169990,IN,low,Ürünün fonksiyonu nedir? || Makine/otomotiv/mobilya parçası olarak özel pozisyonu var mı?,,7616 torba pozisyon niteliğinde olabilir; fonksiyon bazlı sınıflandırma gerekir.,https://taxation-customs.ec.europa.eu/document/download/590e983b-c937-41ea-bb9f-810c29e70e1e_en
alüminyum bağlantı plakası,AL-018,Diğer alüminyum eşya,Alüminyum,76169990,IN,low,Ürünün fonksiyonu nedir? || Makine/otomotiv/mobilya parçası olarak özel pozisyonu var mı?,,7616 torba pozisyon niteliğinde olabilir; fonksiyon bazlı sınıflandırma gerekir.,https://taxation-customs.ec.europa.eu/document/download/590e983b-c937-41ea-bb9f-810c29e70e1e_en
alüminyum braket,AL-018,Diğer alüminyum eşya,Alüminyum,76169990,IN,low,Ürünün fonksiyonu nedir? || Makine/otomotiv/mobilya parçası olarak özel pozisyonu var mı?,,7616 torba pozisyon niteliğinde olabilir; fonksiyon bazlı sınıflandırma gerekir.,https://taxation-customs.ec.europa.eu/document/download/590e983b-c937-41ea-bb9f-810c29e70e1e_en
alüminyum konsol,AL-018,Diğer alüminyum eşya,Alüminyum,76169990,IN,low,Ürünün fonksiyonu nedir? || Makine/otomotiv/mobilya parçası olarak özel pozisyonu var mı?,,7616 torba pozisyon niteliğinde olabilir; fonksiyon bazlı sınıflandırma gerekir.,https://taxation-customs.ec.europa.eu/document/download/590e983b-c937-41ea-bb9f-810c29e70e1e_en
cnc aluminyum parca,AL-018,Diğer alüminyum eşya,Alüminyum,76169990,IN,low,Ürünün fonksiyonu nedir? || Makine/otomotiv/mobilya parçası olarak özel pozisyonu var mı?,,7616 torba pozisyon niteliğinde olabilir; fonksiyon bazlı sınıflandırma gerekir.,https://taxation-customs.ec.europa.eu/document/download/590e983b-c937-41ea-bb9f-810c29e70e1e_en
cnc alüminyum parça,AL-018,Diğer alüminyum eşya,Alüminyum,76169990,IN,low,Ürünün fonksiyonu nedir? || Makine/otomotiv/mobilya parçası olarak özel pozisyonu var mı?,,7616 torba pozisyon niteliğinde olabilir; fonksiyon bazlı sınıflandırma gerekir.,https://taxation-customs.ec.europa.eu/document/download/590e983b-c937-41ea-bb9f-810c29e70e1e_en
diger aluminyum esya,AL-018,Diğer alüminyum eşya,Alüminyum,76169990,IN,low,Ürünün fonksiyonu nedir? || Makine/otomotiv/mobilya parçası olarak özel pozisyonu var mı?,,7616 torba pozisyon niteliğinde olabilir; fonksiyon bazlı sınıflandırma gerekir.,https://taxation-customs.ec.europa.eu/document/download/590e983b-c937-41ea-bb9f-810c29e70e1e_en
diğer alüminyum eşya,AL-018,Diğer alüminyum eşya,Alüminyum,76169990,IN,low,Ürünün fonksiyonu nedir? || Makine/otomotiv/mobilya parçası olarak özel pozisyonu var mı?,,7616 torba pozisyon niteliğinde olabilir; fonksiyon bazlı sınıflandırma gerekir.,https://taxation-customs.ec.europa.eu/document/download/590e983b-c937-41ea-bb9f-810c29e70e1e_en
islenmis aluminyum parca,AL-018,Diğer alüminyum eşya,Alüminyum,76169990,IN,low,Ürünün fonksiyonu nedir? || Makine/otomotiv/mobilya parçası olarak özel pozisyonu var mı?,,7616 torba pozisyon niteliğinde olabilir; fonksiyon bazlı sınıflandırma gerekir.,https://taxation-customs.ec.europa.eu/document/download/590e983b-c937-41ea-bb9f-810c29e70e1e_en
işlenmiş alüminyum parça,AL-018,Diğer alüminyum eşya,Alüminyum,76169990,IN,low,Ürünün fonksiyonu nedir? || Makine/otomotiv/mobilya parçası olarak özel pozisyonu var mı?,,7616 torba pozisyon niteliğinde olabilir; fonksiyon bazlı sınıflandırma gerekir.,https://taxation-customs.ec.europa.eu/document/download/590e983b-c937-41ea-bb9f-810c29e70e1e_en
calcined clay,CE-001,Kalsine kaolin / metakaolin,Çimento,2507008080,IN,high,Ürün gerçekten kalsine mi?,Kalsine edilmemiş kaolin CBAM kapsamı dışında,,https://taxation-customs.ec.europa.eu/document/download/f87a2022-9dcb-45cb-a415-4c460e5ad672_en
kalsine kaolin,CE-001,Kalsine kaolin / metakaolin,Çimento,2507008080,IN,high,Ürün gerçekten kalsine mi?,Kalsine edilmemiş kaolin CBAM kapsamı dışında,,https://taxation-customs.ec.europa.eu/document/download/f87a2022-9dcb-45cb-a415-4c460e5ad672_en
kalsine kaolin / metakaolin,CE-001,Kalsine kaolin / metakaolin,Çimento,2507008080,IN,high,Ürün gerçekten kalsine mi?,Kalsine edilmemiş kaolin CBAM kapsamı dışında,,https://taxation-customs.ec.europa.eu/document/download/f87a2022-9dcb-45cb-a415-4c460e5ad672_en
kalsine kil,CE-001,Kalsine kaolin / metakaolin,Çimento,2507008080,IN,high,Ürün gerçekten kalsine mi?,Kalsine edilmemiş kaolin CBAM kapsamı dışında,,https://taxation-customs.ec.europa.eu/document/download/f87a2022-9dcb-45cb-a415-4c460e5ad672_en
metakaolin,CE-001,Kalsine kaolin / metakaolin,Çimento,2507008080,IN,high,Ürün gerçekten kalsine mi?,Kalsine edilmemiş kaolin CBAM kapsamı dışında,,https://taxation-customs.ec.europa.eu/document/download/f87a2022-9dcb-45cb-a415-4c460e5ad672_en
beyaz klinker,CE-002,Çimento klinkeri,Çimento,25231000,IN,high,,,,https://taxation-customs.ec.europa.eu/document/download/f87a2022-9dcb-45cb-a415-4c460e5ad672_en
cement clinker,CE-002,Çimento klinkeri,Çimento,25231000,IN,high,,,,https://taxation-customs.ec.europa.eu/document/download/f87a2022-9dcb-45cb-a415-4c460e5ad672_en
cimento klinkeri,CE-002,Çimento klinkeri,Çimento,25231000,IN,high,,,,https://taxation-customs.ec.europa.eu/document/download/f87a2022-9dcb-45cb-a415-4c460e5ad672_en
gri klinker,CE-002,Çimento klinkeri,Çimento,25231000,IN,high,,,,https://taxation-customs.ec.europa.eu/document/download/f87a2022-9dcb-45cb-a415-4c460e5ad672_en
klinker,CE-002,Çimento klinkeri,Çimento,25231000,IN,high,,,,https://taxation-customs.ec.europa.eu/document/download/f87a2022-9dcb-45cb-a415-4c460e5ad672_en
çimento klinkeri,CE-002,Çimento klinkeri,Çimento,25231000,IN,high,,,,https://taxation-customs.ec.europa.eu/document/download/f87a2022-9dcb-45cb-a415-4c460e5ad672_en
beyaz cimento,CE-003,Beyaz Portland çimento,Çimento,25232100,IN,high,,,,https://taxation-customs.ec.europa.eu/document/download/f87a2022-9dcb-45cb-a415-4c460e5ad672_en
beyaz portland,CE-003,Beyaz Portland çimento,Çimento,25232100,IN,high,,,,https://taxation-customs.ec.europa.eu/document/download/f87a2022-9dcb-45cb-a415-4c460e5ad672_en
beyaz portland cimento,CE-003,Beyaz Portland çimento,Çimento,25232100,IN,high,,,,https://taxation-customs.ec.europa.eu/document/download/f87a2022-9dcb-45cb-a415-4c460e5ad672_en
beyaz portland çimento,CE-003,Beyaz Portland çimento,Çimento,25232100,IN,high,,,,https://taxation-customs.ec.europa.eu/document/download/f87a2022-9dcb-45cb-a415-4c460e5ad672_en
beyaz çimento,CE-003,Beyaz Portland çimento,Çimento,25232100,IN,high,,,,https://taxation-customs.ec.europa.eu/document/download/f87a2022-9dcb-45cb-a415-4c460e5ad672_en
white cement,CE-003,Beyaz Portland çimento,Çimento,25232100,IN,high,,,,https://taxation-customs.ec.europa.eu/document/download/f87a2022-9dcb-45cb-a415-4c460e5ad672_en
white portland cement,CE-003,Beyaz Portland çimento,Çimento,25232100,IN,high,,,,https://taxation-customs.ec.europa.eu/document/download/f87a2022-9dcb-45cb-a415-4c460e5ad672_en
cem i,CE-004,Portland çimento,Çimento,25232900|25239000,IN,medium,Ürün standardı ve klinker oranı nedir? || Beyaz çimento mu?,,,https://taxation-customs.ec.europa.eu/document/download/f87a2022-9dcb-45cb-a415-4c460e5ad672_en
cem ii,CE-004,Portland çimento,Çimento,25232900|25239000,IN,medium,Ürün standardı ve klinker oranı nedir? || Beyaz çimento mu?,,,https://taxation-customs.ec.europa.eu/document/download/f87a2022-9dcb-45cb-a415-4c460e5ad672_en
cement,CE-004,Portland çimento,Çimento,25232900|25239000,IN,medium,Ürün standardı ve klinker oranı nedir? || Beyaz çimento mu?,,,https://taxation-customs.ec.europa.eu/document/download/f87a2022-9dcb-45cb-a415-4c460e5ad672_en
gri cimento,CE-004,Portland çimento,Çimento,25232900|25239000,IN,medium,Ürün standardı ve klinker oranı nedir? || Beyaz çimento mu?,,,https://taxation-customs.ec.europa.eu/document/download/f87a2022-9dcb-45cb-a415-4c460e5ad672_en
gri çimento,CE-004,Portland çimento,Çimento,25232900|25239000,IN,medium,Ürün standardı ve klinker oranı nedir? || Beyaz çimento mu?,,,https://taxation-customs.ec.europa.eu/document/download/f87a2022-9dcb-45cb-a415-4c460e5ad672_en
portland cement,CE-004,Portland çimento,Çimento,25232900|25239000,IN,medium,Ürün standardı ve klinker oranı nedir? || Beyaz çimento mu?,,,https://taxation-customs.ec.europa.eu/document/download/f87a2022-9dcb-45cb-a415-4c460e5ad672_en
portland cimento,CE-004,Portland çimento,Çimento,25232900|25239000,IN,medium,Ürün standardı ve klinker oranı nedir? || Beyaz çimento mu?,,,https://taxation-customs.ec.europa.eu/document/download/f87a2022-9dcb-45cb-a415-4c460e5ad672_en
portland çimento,CE-004,Portland çimento,Çimento,25232900|25239000,IN,medium,Ürün standardı ve klinker oranı nedir? || Beyaz çimento mu?,,,https://taxation-customs.ec.europa.eu/document/download/f87a2022-9dcb-45cb-a415-4c460e5ad672_en
aluminli cimento,CE-005,Kalsiyum alüminat / alüminli çimento,Çimento,25233000,IN,high,,,,https://taxation-customs.ec.europa.eu/document/download/f87a2022-9dcb-45cb-a415-4c460e5ad672_en
aluminous cement,CE-005,Kalsiyum alüminat / alüminli çimento,Çimento,25233000,IN,high,,,,https://taxation-customs.ec.europa.eu/document/download/f87a2022-9dcb-45cb-a415-4c460e5ad672_en
alüminli çimento,CE-005,Kalsiyum alüminat / alüminli çimento,Çimento,25233000,IN,high,,,,https://taxation-customs.ec.europa.eu/document/download/f87a2022-9dcb-45cb-a415-4c460e5ad672_en
calcium aluminate cement,CE-005,Kalsiyum alüminat / alüminli çimento,Çimento,25233000,IN,high,,,,https://taxation-customs.ec.europa.eu/document/download/f87a2022-9dcb-45cb-a415-4c460e5ad672_en
kalsiyum aluminat / aluminli cimento,CE-005,Kalsiyum alüminat / alüminli çimento,Çimento,25233000,IN,high,,,,https://taxation-customs.ec.europa.eu/document/download/f87a2022-9dcb-45cb-a415-4c460e5ad672_en
kalsiyum aluminat cimentosu,CE-005,Kalsiyum alüminat / alüminli çimento,Çimento,25233000,IN,high,,,,https://taxation-customs.ec.europa.eu/document/download/f87a2022-9dcb-45cb-a415-4c460e5ad672_en
kalsiyum alüminat / alüminli çimento,CE-005,Kalsiyum alüminat / alüminli çimento,Çimento,25233000,IN,high,,,,https://taxation-customs.ec.europa.eu/document/download/f87a2022-9dcb-45cb-a415-4c460e5ad672_en
kalsiyum alüminat çimentosu,CE-005,Kalsiyum alüminat / alüminli çimento,Çimento,25233000,IN,high,,,,https://taxation-customs.ec.europa.eu/document/download/f87a2022-9dcb-45cb-a415-4c460e5ad672_en
azot asidi,FE-001,Nitrik asit,Gübre,28080000,IN,high,,,,https://taxation-customs.ec.europa.eu/document/download/8fd0542b-e67d-4183-bb20-a19de510f53c_en
nitric acid,FE-001,Nitrik asit,Gübre,28080000,IN,high,,,,https://taxation-customs.ec.europa.eu/document/download/8fd0542b-e67d-4183-bb20-a19de510f53c_en
nitrik asit,FE-001,Nitrik asit,Gübre,28080000,IN,high,,,,https://taxation-customs.ec.europa.eu/document/download/8fd0542b-e67d-4183-bb20-a19de510f53c_en
sulfonitrik asit,FE-001,Nitrik asit,Gübre,28080000,IN,high,,,,https://taxation-customs.ec.europa.eu/document/download/8fd0542b-e67d-4183-bb20-a19de510f53c_en
sülfonitrik asit,FE-001,Nitrik asit,Gübre,28080000,IN,high,,,,https://taxation-customs.ec.europa.eu/document/download/8fd0542b-e67d-4183-bb20-a19de510f53c_en
ammonia,FE-002,Amonyak,Gübre,2814,IN,high,,,,https://taxation-customs.ec.europa.eu/document/download/8fd0542b-e67d-4183-bb20-a19de510f53c_en
amonyak,FE-002,Amonyak,Gübre,2814,IN,high,,,,https://taxation-customs.ec.europa.eu/document/download/8fd0542b-e67d-4183-bb20-a19de510f53c_en
amonyakli su,FE-002,Amonyak,Gübre,2814,IN,high,,,,https://taxation-customs.ec.europa.eu/document/download/8fd0542b-e67d-4183-bb20-a19de510f53c_en
amonyaklı su,FE-002,Amonyak,Gübre,2814,IN,high,,,,https://taxation-customs.ec.europa.eu/document/download/8fd0542b-e67d-4183-bb20-a19de510f53c_en
anhidre amonyak,FE-002,Amonyak,Gübre,2814,IN,high,,,,https://taxation-customs.ec.europa.eu/document/download/8fd0542b-e67d-4183-bb20-a19de510f53c_en
susuz amonyak,FE-002,Amonyak,Gübre,2814,IN,high,,,,https://taxation-customs.ec.europa.eu/document/download/8fd0542b-e67d-4183-bb20-a19de510f53c_en
granul ure,FE-003,Üre,Gübre,310210,IN,high,,,,https://taxation-customs.ec.europa.eu/document/download/8fd0542b-e67d-4183-bb20-a19de510f53c_en
granül üre,FE-003,Üre,Gübre,310210,IN,high,,,,https://taxation-customs.ec.europa.eu/document/download/8fd0542b-e67d-4183-bb20-a19de510f53c_en
pril ure,FE-003,Üre,Gübre,310210,IN,high,,,,https://taxation-customs.ec.europa.eu/document/download/8fd0542b-e67d-4183-bb20-a19de510f53c_en
pril üre,FE-003,Üre,Gübre,310210,IN,high,,,,https://taxation-customs.ec.europa.eu/document/download/8fd0542b-e67d-4183-bb20-a19de510f53c_en
teknik ure,FE-003,Üre,Gübre,310210,IN,high,,,,https://taxation-customs.ec.europa.eu/document/download/8fd0542b-e67d-4183-bb20-a19de510f53c_en
teknik üre,FE-003,Üre,Gübre,310210,IN,high,,,,https://taxation-customs.ec.europa.eu/document/download/8fd0542b-e67d-4183-bb20-a19de510f53c_en
ure,FE-003,Üre,Gübre,310210,IN,high,,,,https://taxation-customs.ec.europa.eu/document/download/8fd0542b-e67d-4183-bb20-a19de510f53c_en
ure cozeltisi,FE-003,Üre,Gübre,310210,IN,high,,,,https://taxation-customs.ec.europa.eu/document/download/8fd0542b-e67d-4183-bb20-a19de510f53c_en
urea,FE-003,Üre,Gübre,310210,IN,high,,,,https://taxation-customs.ec.europa.eu/document/download/8fd0542b-e67d-4183-bb20-a19de510f53c_en
üre,FE-003,Üre,Gübre,310210,IN,high,,,,https://taxation-customs.ec.europa.eu/document/download/8fd0542b-e67d-4183-bb20-a19de510f53c_en
üre çözeltisi,FE-003,Üre,Gübre,310210,IN,high,,,,https://taxation-customs.ec.europa.eu/document/download/8fd0542b-e67d-4183-bb20-a19de510f53c_en
guhercile potasyum,FE-004,Potasyum nitrat,Gübre,28342100,IN,high,,,,https://taxation-customs.ec.europa.eu/document/download/8fd0542b-e67d-4183-bb20-a19de510f53c_en
güherçile potasyum,FE-004,Potasyum nitrat,Gübre,28342100,IN,high,,,,https://taxation-customs.ec.europa.eu/document/download/8fd0542b-e67d-4183-bb20-a19de510f53c_en
kno3,FE-004,Potasyum nitrat,Gübre,28342100,IN,high,,,,https://taxation-customs.ec.europa.eu/document/download/8fd0542b-e67d-4183-bb20-a19de510f53c_en
potassium nitrate,FE-004,Potasyum nitrat,Gübre,28342100,IN,high,,,,https://taxation-customs.ec.europa.eu/document/download/8fd0542b-e67d-4183-bb20-a19de510f53c_en
potasyum nitrat,FE-004,Potasyum nitrat,Gübre,28342100,IN,high,,,,https://taxation-customs.ec.europa.eu/document/download/8fd0542b-e67d-4183-bb20-a19de510f53c_en
ammonium nitrate,FE-005,Amonyum nitrat / CAN,Gübre,3102,IN,medium,Azot yüzdesi nedir? || Dolgu/kalsiyum içeriği var mı?,,,https://taxation-customs.ec.europa.eu/document/download/8fd0542b-e67d-4183-bb20-a19de510f53c_en
amonyum nitrat,FE-005,Amonyum nitrat / CAN,Gübre,3102,IN,medium,Azot yüzdesi nedir? || Dolgu/kalsiyum içeriği var mı?,,,https://taxation-customs.ec.europa.eu/document/download/8fd0542b-e67d-4183-bb20-a19de510f53c_en
amonyum nitrat / can,FE-005,Amonyum nitrat / CAN,Gübre,3102,IN,medium,Azot yüzdesi nedir? || Dolgu/kalsiyum içeriği var mı?,,,https://taxation-customs.ec.europa.eu/document/download/8fd0542b-e67d-4183-bb20-a19de510f53c_en
an gubre,FE-005,Amonyum nitrat / CAN,Gübre,3102,IN,medium,Azot yüzdesi nedir? || Dolgu/kalsiyum içeriği var mı?,,,https://taxation-customs.ec.europa.eu/document/download/8fd0542b-e67d-4183-bb20-a19de510f53c_en
an gübre,FE-005,Amonyum nitrat / CAN,Gübre,3102,IN,medium,Azot yüzdesi nedir? || Dolgu/kalsiyum içeriği var mı?,,,https://taxation-customs.ec.europa.eu/document/download/8fd0542b-e67d-4183-bb20-a19de510f53c_en
calcium ammonium nitrate,FE-005,Amonyum nitrat / CAN,Gübre,3102,IN,medium,Azot yüzdesi nedir? || Dolgu/kalsiyum içeriği var mı?,,,https://taxation-customs.ec.europa.eu/document/download/8fd0542b-e67d-4183-bb20-a19de510f53c_en
can gubre,FE-005,Amonyum nitrat / CAN,Gübre,3102,IN,medium,Azot yüzdesi nedir? || Dolgu/kalsiyum içeriği var mı?,,,https://taxation-customs.ec.europa.eu/document/download/8fd0542b-e67d-4183-bb20-a19de510f53c_en
can gübre,FE-005,Amonyum nitrat / CAN,Gübre,3102,IN,medium,Azot yüzdesi nedir? || Dolgu/kalsiyum içeriği var mı?,,,https://taxation-customs.ec.europa.eu/document/download/8fd0542b-e67d-4183-bb20-a19de510f53c_en
kalsiyum amonyum nitrat,FE-005,Amonyum nitrat / CAN,Gübre,3102,IN,medium,Azot yüzdesi nedir? || Dolgu/kalsiyum içeriği var mı?,,,https://taxation-customs.ec.europa.eu/document/download/8fd0542b-e67d-4183-bb20-a19de510f53c_en
ammonium sulfate,FE-006,Amonyum sülfat,Gübre,3102,IN,medium,,,,https://taxation-customs.ec.europa.eu/document/download/8fd0542b-e67d-4183-bb20-a19de510f53c_en
ammonium sulphate,FE-006,Amonyum sülfat,Gübre,3102,IN,medium,,,,https://taxation-customs.ec.europa.eu/document/download/8fd0542b-e67d-4183-bb20-a19de510f53c_en
amonyum sulfat,FE-006,Amonyum sülfat,Gübre,3102,IN,medium,,,,https://taxation-customs.ec.europa.eu/document/download/8fd0542b-e67d-4183-bb20-a19de510f53c_en
amonyum sülfat,FE-006,Amonyum sülfat,Gübre,3102,IN,medium,,,,https://taxation-customs.ec.europa.eu/document/download/8fd0542b-e67d-4183-bb20-a19de510f53c_en
seker gubre,FE-006,Amonyum sülfat,Gübre,3102,IN,medium,,,,https://taxation-customs.ec.europa.eu/document/download/8fd0542b-e67d-4183-bb20-a19de510f53c_en
şeker gübre,FE-006,Amonyum sülfat,Gübre,3102,IN,medium,,,,https://taxation-customs.ec.europa.eu/document/download/8fd0542b-e67d-4183-bb20-a19de510f53c_en
sivi azot gubresi,FE-007,UAN çözeltisi,Gübre,3102,IN,medium,Formülasyon ve azot içeriği nedir?,,,https://taxation-customs.ec.europa.eu/document/download/8fd0542b-e67d-4183-bb20-a19de510f53c_en
sıvı azot gübresi,FE-007,UAN çözeltisi,Gübre,3102,IN,medium,Formülasyon ve azot içeriği nedir?,,,https://taxation-customs.ec.europa.eu/document/download/8fd0542b-e67d-4183-bb20-a19de510f53c_en
uan,FE-007,UAN çözeltisi,Gübre,3102,IN,medium,Formülasyon ve azot içeriği nedir?,,,https://taxation-customs.ec.europa.eu/document/download/8fd0542b-e67d-4183-bb20-a19de510f53c_en
uan cozeltisi,FE-007,UAN çözeltisi,Gübre,3102,IN,medium,Formülasyon ve azot içeriği nedir?,,,https://taxation-customs.ec.europa.eu/document/download/8fd0542b-e67d-4183-bb20-a19de510f53c_en
uan çözeltisi,FE-007,UAN çözeltisi,Gübre,3102,IN,medium,Formülasyon ve azot içeriği nedir?,,,https://taxation-customs.ec.europa.eu/document/download/8fd0542b-e67d-4183-bb20-a19de510f53c_en
ure amonyum nitrat,FE-007,UAN çözeltisi,Gübre,3102,IN,medium,Formülasyon ve azot içeriği nedir?,,,https://taxation-customs.ec.europa.eu/document/download/8fd0542b-e67d-4183-bb20-a19de510f53c_en
urea ammonium nitrate,FE-007,UAN çözeltisi,Gübre,3102,IN,medium,Formülasyon ve azot içeriği nedir?,,,https://taxation-customs.ec.europa.eu/document/download/8fd0542b-e67d-4183-bb20-a19de510f53c_en
üre amonyum nitrat,FE-007,UAN çözeltisi,Gübre,3102,IN,medium,Formülasyon ve azot içeriği nedir?,,,https://taxation-customs.ec.europa.eu/document/download/8fd0542b-e67d-4183-bb20-a19de510f53c_en
15-15-15,FE-008,NPK / NP / NK gübre,Gübre,3105,IN,medium,Ürün azot (N) içeriyor mu? || N-P-K yüzdeleri nedir?,31056000 yalnız P+K içeren ürün kapsam dışı olabilir,,https://taxation-customs.ec.europa.eu/document/download/8fd0542b-e67d-4183-bb20-a19de510f53c_en
20-20-0,FE-008,NPK / NP / NK gübre,Gübre,3105,IN,medium,Ürün azot (N) içeriyor mu? || N-P-K yüzdeleri nedir?,31056000 yalnız P+K içeren ürün kapsam dışı olabilir,,https://taxation-customs.ec.europa.eu/document/download/8fd0542b-e67d-4183-bb20-a19de510f53c_en
20-20-20,FE-008,NPK / NP / NK gübre,Gübre,3105,IN,medium,Ürün azot (N) içeriyor mu? || N-P-K yüzdeleri nedir?,31056000 yalnız P+K içeren ürün kapsam dışı olabilir,,https://taxation-customs.ec.europa.eu/document/download/8fd0542b-e67d-4183-bb20-a19de510f53c_en
dap iceren karisim,FE-008,NPK / NP / NK gübre,Gübre,3105,IN,medium,Ürün azot (N) içeriyor mu? || N-P-K yüzdeleri nedir?,31056000 yalnız P+K içeren ürün kapsam dışı olabilir,,https://taxation-customs.ec.europa.eu/document/download/8fd0542b-e67d-4183-bb20-a19de510f53c_en
dap içeren karışım,FE-008,NPK / NP / NK gübre,Gübre,3105,IN,medium,Ürün azot (N) içeriyor mu? || N-P-K yüzdeleri nedir?,31056000 yalnız P+K içeren ürün kapsam dışı olabilir,,https://taxation-customs.ec.europa.eu/document/download/8fd0542b-e67d-4183-bb20-a19de510f53c_en
kompoze gubre,FE-008,NPK / NP / NK gübre,Gübre,3105,IN,medium,Ürün azot (N) içeriyor mu? || N-P-K yüzdeleri nedir?,31056000 yalnız P+K içeren ürün kapsam dışı olabilir,,https://taxation-customs.ec.europa.eu/document/download/8fd0542b-e67d-4183-bb20-a19de510f53c_en
kompoze gübre,FE-008,NPK / NP / NK gübre,Gübre,3105,IN,medium,Ürün azot (N) içeriyor mu? || N-P-K yüzdeleri nedir?,31056000 yalnız P+K içeren ürün kapsam dışı olabilir,,https://taxation-customs.ec.europa.eu/document/download/8fd0542b-e67d-4183-bb20-a19de510f53c_en
nk gubre,FE-008,NPK / NP / NK gübre,Gübre,3105,IN,medium,Ürün azot (N) içeriyor mu? || N-P-K yüzdeleri nedir?,31056000 yalnız P+K içeren ürün kapsam dışı olabilir,,https://taxation-customs.ec.europa.eu/document/download/8fd0542b-e67d-4183-bb20-a19de510f53c_en
nk gübre,FE-008,NPK / NP / NK gübre,Gübre,3105,IN,medium,Ürün azot (N) içeriyor mu? || N-P-K yüzdeleri nedir?,31056000 yalnız P+K içeren ürün kapsam dışı olabilir,,https://taxation-customs.ec.europa.eu/document/download/8fd0542b-e67d-4183-bb20-a19de510f53c_en
np gubre,FE-008,NPK / NP / NK gübre,Gübre,3105,IN,medium,Ürün azot (N) içeriyor mu? || N-P-K yüzdeleri nedir?,31056000 yalnız P+K içeren ürün kapsam dışı olabilir,,https://taxation-customs.ec.europa.eu/document/download/8fd0542b-e67d-4183-bb20-a19de510f53c_en
np gübre,FE-008,NPK / NP / NK gübre,Gübre,3105,IN,medium,Ürün azot (N) içeriyor mu? || N-P-K yüzdeleri nedir?,31056000 yalnız P+K içeren ürün kapsam dışı olabilir,,https://taxation-customs.ec.europa.eu/document/download/8fd0542b-e67d-4183-bb20-a19de510f53c_en
npk,FE-008,NPK / NP / NK gübre,Gübre,3105,IN,medium,Ürün azot (N) içeriyor mu? || N-P-K yüzdeleri nedir?,31056000 yalnız P+K içeren ürün kapsam dışı olabilir,,https://taxation-customs.ec.europa.eu/document/download/8fd0542b-e67d-4183-bb20-a19de510f53c_en
npk / np / nk gubre,FE-008,NPK / NP / NK gübre,Gübre,3105,IN,medium,Ürün azot (N) içeriyor mu? || N-P-K yüzdeleri nedir?,31056000 yalnız P+K içeren ürün kapsam dışı olabilir,,https://taxation-customs.ec.europa.eu/document/download/8fd0542b-e67d-4183-bb20-a19de510f53c_en
npk / np / nk gübre,FE-008,NPK / NP / NK gübre,Gübre,3105,IN,medium,Ürün azot (N) içeriyor mu? || N-P-K yüzdeleri nedir?,31056000 yalnız P+K içeren ürün kapsam dışı olabilir,,https://taxation-customs.ec.europa.eu/document/download/8fd0542b-e67d-4183-bb20-a19de510f53c_en
npk gubre,FE-008,NPK / NP / NK gübre,Gübre,3105,IN,medium,Ürün azot (N) içeriyor mu? || N-P-K yüzdeleri nedir?,31056000 yalnız P+K içeren ürün kapsam dışı olabilir,,https://taxation-customs.ec.europa.eu/document/download/8fd0542b-e67d-4183-bb20-a19de510f53c_en
npk gübre,FE-008,NPK / NP / NK gübre,Gübre,3105,IN,medium,Ürün azot (N) içeriyor mu? || N-P-K yüzdeleri nedir?,31056000 yalnız P+K içeren ürün kapsam dışı olabilir,,https://taxation-customs.ec.europa.eu/document/download/8fd0542b-e67d-4183-bb20-a19de510f53c_en
gri hidrojen,HY-001,Hidrojen,Hidrojen,28041000,IN,high,Saf hidrojen veya amonyak üretiminde kullanılabilir H2/N2 karışımı mı?,,,https://taxation-customs.ec.europa.eu/document/download/04ceca3b-466e-4ed9-a1a5-a47c2e5e5be0_en
h2,HY-001,Hidrojen,Hidrojen,28041000,IN,high,Saf hidrojen veya amonyak üretiminde kullanılabilir H2/N2 karışımı mı?,,,https://taxation-customs.ec.europa.eu/document/download/04ceca3b-466e-4ed9-a1a5-a47c2e5e5be0_en
hidrojen,HY-001,Hidrojen,Hidrojen,28041000,IN,high,Saf hidrojen veya amonyak üretiminde kullanılabilir H2/N2 karışımı mı?,,,https://taxation-customs.ec.europa.eu/document/download/04ceca3b-466e-4ed9-a1a5-a47c2e5e5be0_en
hydrogen,HY-001,Hidrojen,Hidrojen,28041000,IN,high,Saf hidrojen veya amonyak üretiminde kullanılabilir H2/N2 karışımı mı?,,,https://taxation-customs.ec.europa.eu/document/download/04ceca3b-466e-4ed9-a1a5-a47c2e5e5be0_en
mavi hidrojen,HY-001,Hidrojen,Hidrojen,28041000,IN,high,Saf hidrojen veya amonyak üretiminde kullanılabilir H2/N2 karışımı mı?,,,https://taxation-customs.ec.europa.eu/document/download/04ceca3b-466e-4ed9-a1a5-a47c2e5e5be0_en
saf hidrojen,HY-001,Hidrojen,Hidrojen,28041000,IN,high,Saf hidrojen veya amonyak üretiminde kullanılabilir H2/N2 karışımı mı?,,,https://taxation-customs.ec.europa.eu/document/download/04ceca3b-466e-4ed9-a1a5-a47c2e5e5be0_en
yesil hidrojen,HY-001,Hidrojen,Hidrojen,28041000,IN,high,Saf hidrojen veya amonyak üretiminde kullanılabilir H2/N2 karışımı mı?,,,https://taxation-customs.ec.europa.eu/document/download/04ceca3b-466e-4ed9-a1a5-a47c2e5e5be0_en
yeşil hidrojen,HY-001,Hidrojen,Hidrojen,28041000,IN,high,Saf hidrojen veya amonyak üretiminde kullanılabilir H2/N2 karışımı mı?,,,https://taxation-customs.ec.europa.eu/document/download/04ceca3b-466e-4ed9-a1a5-a47c2e5e5be0_en
electrical energy,EL-001,Elektrik enerjisi,Elektrik,27160000,IN,high,,,,https://eur-lex.europa.eu/legal-content/EN/TXT/HTML/?uri=CELEX%3A02023R0956-20251020
electricity,EL-001,Elektrik enerjisi,Elektrik,27160000,IN,high,,,,https://eur-lex.europa.eu/legal-content/EN/TXT/HTML/?uri=CELEX%3A02023R0956-20251020
elektrik,EL-001,Elektrik enerjisi,Elektrik,27160000,IN,high,,,,https://eur-lex.europa.eu/legal-content/EN/TXT/HTML/?uri=CELEX%3A02023R0956-20251020
elektrik enerjisi,EL-001,Elektrik enerjisi,Elektrik,27160000,IN,high,,,,https://eur-lex.europa.eu/legal-content/EN/TXT/HTML/?uri=CELEX%3A02023R0956-20251020
balkon camlama,AMB-001,Cam balkon sistemi,Karma,7610|7007|7008,AMBIGUOUS,low,"Faturada komple sistem mi, yalnız cam mı yazıyor? || Taşıyıcı çerçeve alüminyum mu? || Cam temperli/lamine/yalıtım camı mı? || Ürün demonte set mi?",Yalnız güvenlik camı 7007 olabilir ve CBAM kapsamı dışındadır || Yalıtım camı 7008 olabilir ve CBAM kapsamı dışındadır,Doğrudan tek kod önerme. Komple sistemin objektif karakteri ve sunum şekli incelenmeli.,https://taxation-customs.ec.europa.eu/document/download/590e983b-c937-41ea-bb9f-810c29e70e1e_en
balkon kapama,AMB-001,Cam balkon sistemi,Karma,7610|7007|7008,AMBIGUOUS,low,"Faturada komple sistem mi, yalnız cam mı yazıyor? || Taşıyıcı çerçeve alüminyum mu? || Cam temperli/lamine/yalıtım camı mı? || Ürün demonte set mi?",Yalnız güvenlik camı 7007 olabilir ve CBAM kapsamı dışındadır || Yalıtım camı 7008 olabilir ve CBAM kapsamı dışındadır,Doğrudan tek kod önerme. Komple sistemin objektif karakteri ve sunum şekli incelenmeli.,https://taxation-customs.ec.europa.eu/document/download/590e983b-c937-41ea-bb9f-810c29e70e1e_en
cam balkon,AMB-001,Cam balkon sistemi,Karma,7610|7007|7008,AMBIGUOUS,low,"Faturada komple sistem mi, yalnız cam mı yazıyor? || Taşıyıcı çerçeve alüminyum mu? || Cam temperli/lamine/yalıtım camı mı? || Ürün demonte set mi?",Yalnız güvenlik camı 7007 olabilir ve CBAM kapsamı dışındadır || Yalıtım camı 7008 olabilir ve CBAM kapsamı dışındadır,Doğrudan tek kod önerme. Komple sistemin objektif karakteri ve sunum şekli incelenmeli.,https://taxation-customs.ec.europa.eu/document/download/590e983b-c937-41ea-bb9f-810c29e70e1e_en
cam balkon sistemi,AMB-001,Cam balkon sistemi,Karma,7610|7007|7008,AMBIGUOUS,low,"Faturada komple sistem mi, yalnız cam mı yazıyor? || Taşıyıcı çerçeve alüminyum mu? || Cam temperli/lamine/yalıtım camı mı? || Ürün demonte set mi?",Yalnız güvenlik camı 7007 olabilir ve CBAM kapsamı dışındadır || Yalıtım camı 7008 olabilir ve CBAM kapsamı dışındadır,Doğrudan tek kod önerme. Komple sistemin objektif karakteri ve sunum şekli incelenmeli.,https://taxation-customs.ec.europa.eu/document/download/590e983b-c937-41ea-bb9f-810c29e70e1e_en
giyotin cam balkon,AMB-001,Cam balkon sistemi,Karma,7610|7007|7008,AMBIGUOUS,low,"Faturada komple sistem mi, yalnız cam mı yazıyor? || Taşıyıcı çerçeve alüminyum mu? || Cam temperli/lamine/yalıtım camı mı? || Ürün demonte set mi?",Yalnız güvenlik camı 7007 olabilir ve CBAM kapsamı dışındadır || Yalıtım camı 7008 olabilir ve CBAM kapsamı dışındadır,Doğrudan tek kod önerme. Komple sistemin objektif karakteri ve sunum şekli incelenmeli.,https://taxation-customs.ec.europa.eu/document/download/590e983b-c937-41ea-bb9f-810c29e70e1e_en
katlanir cam balkon,AMB-001,Cam balkon sistemi,Karma,7610|7007|7008,AMBIGUOUS,low,"Faturada komple sistem mi, yalnız cam mı yazıyor? || Taşıyıcı çerçeve alüminyum mu? || Cam temperli/lamine/yalıtım camı mı? || Ürün demonte set mi?",Yalnız güvenlik camı 7007 olabilir ve CBAM kapsamı dışındadır || Yalıtım camı 7008 olabilir ve CBAM kapsamı dışındadır,Doğrudan tek kod önerme. Komple sistemin objektif karakteri ve sunum şekli incelenmeli.,https://taxation-customs.ec.europa.eu/document/download/590e983b-c937-41ea-bb9f-810c29e70e1e_en
katlanır cam balkon,AMB-001,Cam balkon sistemi,Karma,7610|7007|7008,AMBIGUOUS,low,"Faturada komple sistem mi, yalnız cam mı yazıyor? || Taşıyıcı çerçeve alüminyum mu? || Cam temperli/lamine/yalıtım camı mı? || Ürün demonte set mi?",Yalnız güvenlik camı 7007 olabilir ve CBAM kapsamı dışındadır || Yalıtım camı 7008 olabilir ve CBAM kapsamı dışındadır,Doğrudan tek kod önerme. Komple sistemin objektif karakteri ve sunum şekli incelenmeli.,https://taxation-customs.ec.europa.eu/document/download/590e983b-c937-41ea-bb9f-810c29e70e1e_en
surgulu cam balkon,AMB-001,Cam balkon sistemi,Karma,7610|7007|7008,AMBIGUOUS,low,"Faturada komple sistem mi, yalnız cam mı yazıyor? || Taşıyıcı çerçeve alüminyum mu? || Cam temperli/lamine/yalıtım camı mı? || Ürün demonte set mi?",Yalnız güvenlik camı 7007 olabilir ve CBAM kapsamı dışındadır || Yalıtım camı 7008 olabilir ve CBAM kapsamı dışındadır,Doğrudan tek kod önerme. Komple sistemin objektif karakteri ve sunum şekli incelenmeli.,https://taxation-customs.ec.europa.eu/document/download/590e983b-c937-41ea-bb9f-810c29e70e1e_en
sürgülü cam balkon,AMB-001,Cam balkon sistemi,Karma,7610|7007|7008,AMBIGUOUS,low,"Faturada komple sistem mi, yalnız cam mı yazıyor? || Taşıyıcı çerçeve alüminyum mu? || Cam temperli/lamine/yalıtım camı mı? || Ürün demonte set mi?",Yalnız güvenlik camı 7007 olabilir ve CBAM kapsamı dışındadır || Yalıtım camı 7008 olabilir ve CBAM kapsamı dışındadır,Doğrudan tek kod önerme. Komple sistemin objektif karakteri ve sunum şekli incelenmeli.,https://taxation-customs.ec.europa.eu/document/download/590e983b-c937-41ea-bb9f-810c29e70e1e_en
pimapen,AMB-002,PVC pencere / PVC doğrama,Karma,392520|7610,LIKELY_OUT,low,Ana çerçeve PVC mi? || Alüminyum kaplama/ana taşıyıcı var mı? || Yalnız takviye çeliği mi bulunuyor?,PVC pencere esas karakteri plastikse CBAM Annex I dışında olması beklenir,İç çelik takviye bulunması tek başına nihai ürünü CBAM malı yapmaz; sınıflandırma nihai eşyanın esas karakterine göre teyit edilmelidir.,https://taxation-customs.ec.europa.eu/news/commission-publishes-2026-version-combined-nomenclature-2025-10-31_en
plastik pencere,AMB-002,PVC pencere / PVC doğrama,Karma,392520|7610,LIKELY_OUT,low,Ana çerçeve PVC mi? || Alüminyum kaplama/ana taşıyıcı var mı? || Yalnız takviye çeliği mi bulunuyor?,PVC pencere esas karakteri plastikse CBAM Annex I dışında olması beklenir,İç çelik takviye bulunması tek başına nihai ürünü CBAM malı yapmaz; sınıflandırma nihai eşyanın esas karakterine göre teyit edilmelidir.,https://taxation-customs.ec.europa.eu/news/commission-publishes-2026-version-combined-nomenclature-2025-10-31_en
pvc dograma,AMB-002,PVC pencere / PVC doğrama,Karma,392520|7610,LIKELY_OUT,low,Ana çerçeve PVC mi? || Alüminyum kaplama/ana taşıyıcı var mı? || Yalnız takviye çeliği mi bulunuyor?,PVC pencere esas karakteri plastikse CBAM Annex I dışında olması beklenir,İç çelik takviye bulunması tek başına nihai ürünü CBAM malı yapmaz; sınıflandırma nihai eşyanın esas karakterine göre teyit edilmelidir.,https://taxation-customs.ec.europa.eu/news/commission-publishes-2026-version-combined-nomenclature-2025-10-31_en
pvc doğrama,AMB-002,PVC pencere / PVC doğrama,Karma,392520|7610,LIKELY_OUT,low,Ana çerçeve PVC mi? || Alüminyum kaplama/ana taşıyıcı var mı? || Yalnız takviye çeliği mi bulunuyor?,PVC pencere esas karakteri plastikse CBAM Annex I dışında olması beklenir,İç çelik takviye bulunması tek başına nihai ürünü CBAM malı yapmaz; sınıflandırma nihai eşyanın esas karakterine göre teyit edilmelidir.,https://taxation-customs.ec.europa.eu/news/commission-publishes-2026-version-combined-nomenclature-2025-10-31_en
pvc kapi,AMB-002,PVC pencere / PVC doğrama,Karma,392520|7610,LIKELY_OUT,low,Ana çerçeve PVC mi? || Alüminyum kaplama/ana taşıyıcı var mı? || Yalnız takviye çeliği mi bulunuyor?,PVC pencere esas karakteri plastikse CBAM Annex I dışında olması beklenir,İç çelik takviye bulunması tek başına nihai ürünü CBAM malı yapmaz; sınıflandırma nihai eşyanın esas karakterine göre teyit edilmelidir.,https://taxation-customs.ec.europa.eu/news/commission-publishes-2026-version-combined-nomenclature-2025-10-31_en
pvc kapı,AMB-002,PVC pencere / PVC doğrama,Karma,392520|7610,LIKELY_OUT,low,Ana çerçeve PVC mi? || Alüminyum kaplama/ana taşıyıcı var mı? || Yalnız takviye çeliği mi bulunuyor?,PVC pencere esas karakteri plastikse CBAM Annex I dışında olması beklenir,İç çelik takviye bulunması tek başına nihai ürünü CBAM malı yapmaz; sınıflandırma nihai eşyanın esas karakterine göre teyit edilmelidir.,https://taxation-customs.ec.europa.eu/news/commission-publishes-2026-version-combined-nomenclature-2025-10-31_en
pvc pencere,AMB-002,PVC pencere / PVC doğrama,Karma,392520|7610,LIKELY_OUT,low,Ana çerçeve PVC mi? || Alüminyum kaplama/ana taşıyıcı var mı? || Yalnız takviye çeliği mi bulunuyor?,PVC pencere esas karakteri plastikse CBAM Annex I dışında olması beklenir,İç çelik takviye bulunması tek başına nihai ürünü CBAM malı yapmaz; sınıflandırma nihai eşyanın esas karakterine göre teyit edilmelidir.,https://taxation-customs.ec.europa.eu/news/commission-publishes-2026-version-combined-nomenclature-2025-10-31_en
pvc pencere / pvc dograma,AMB-002,PVC pencere / PVC doğrama,Karma,392520|7610,LIKELY_OUT,low,Ana çerçeve PVC mi? || Alüminyum kaplama/ana taşıyıcı var mı? || Yalnız takviye çeliği mi bulunuyor?,PVC pencere esas karakteri plastikse CBAM Annex I dışında olması beklenir,İç çelik takviye bulunması tek başına nihai ürünü CBAM malı yapmaz; sınıflandırma nihai eşyanın esas karakterine göre teyit edilmelidir.,https://taxation-customs.ec.europa.eu/news/commission-publishes-2026-version-combined-nomenclature-2025-10-31_en
pvc pencere / pvc doğrama,AMB-002,PVC pencere / PVC doğrama,Karma,392520|7610,LIKELY_OUT,low,Ana çerçeve PVC mi? || Alüminyum kaplama/ana taşıyıcı var mı? || Yalnız takviye çeliği mi bulunuyor?,PVC pencere esas karakteri plastikse CBAM Annex I dışında olması beklenir,İç çelik takviye bulunması tek başına nihai ürünü CBAM malı yapmaz; sınıflandırma nihai eşyanın esas karakterine göre teyit edilmelidir.,https://taxation-customs.ec.europa.eu/news/commission-publishes-2026-version-combined-nomenclature-2025-10-31_en
upvc pencere,AMB-002,PVC pencere / PVC doğrama,Karma,392520|7610,LIKELY_OUT,low,Ana çerçeve PVC mi? || Alüminyum kaplama/ana taşıyıcı var mı? || Yalnız takviye çeliği mi bulunuyor?,PVC pencere esas karakteri plastikse CBAM Annex I dışında olması beklenir,İç çelik takviye bulunması tek başına nihai ürünü CBAM malı yapmaz; sınıflandırma nihai eşyanın esas karakterine göre teyit edilmelidir.,https://taxation-customs.ec.europa.eu/news/commission-publishes-2026-version-combined-nomenclature-2025-10-31_en
cati paneli,AMB-003,Sandviç panel,Karma,7308|7210|3921,AMBIGUOUS,low,İki yüz metal sac mı? || Panel yapıya özel hazırlanmış mı? || Yalıtım çekirdeği nedir? || Komple yapı elemanı olarak mı sunuluyor?,,,https://taxation-customs.ec.europa.eu/document/download/3eb64513-8255-4c71-875a-bd0a8c7ff772_en
cephe paneli,AMB-003,Sandviç panel,Karma,7308|7210|3921,AMBIGUOUS,low,İki yüz metal sac mı? || Panel yapıya özel hazırlanmış mı? || Yalıtım çekirdeği nedir? || Komple yapı elemanı olarak mı sunuluyor?,,,https://taxation-customs.ec.europa.eu/document/download/3eb64513-8255-4c71-875a-bd0a8c7ff772_en
pir panel,AMB-003,Sandviç panel,Karma,7308|7210|3921,AMBIGUOUS,low,İki yüz metal sac mı? || Panel yapıya özel hazırlanmış mı? || Yalıtım çekirdeği nedir? || Komple yapı elemanı olarak mı sunuluyor?,,,https://taxation-customs.ec.europa.eu/document/download/3eb64513-8255-4c71-875a-bd0a8c7ff772_en
poliuretan panel,AMB-003,Sandviç panel,Karma,7308|7210|3921,AMBIGUOUS,low,İki yüz metal sac mı? || Panel yapıya özel hazırlanmış mı? || Yalıtım çekirdeği nedir? || Komple yapı elemanı olarak mı sunuluyor?,,,https://taxation-customs.ec.europa.eu/document/download/3eb64513-8255-4c71-875a-bd0a8c7ff772_en
poliüretan panel,AMB-003,Sandviç panel,Karma,7308|7210|3921,AMBIGUOUS,low,İki yüz metal sac mı? || Panel yapıya özel hazırlanmış mı? || Yalıtım çekirdeği nedir? || Komple yapı elemanı olarak mı sunuluyor?,,,https://taxation-customs.ec.europa.eu/document/download/3eb64513-8255-4c71-875a-bd0a8c7ff772_en
sandvic panel,AMB-003,Sandviç panel,Karma,7308|7210|3921,AMBIGUOUS,low,İki yüz metal sac mı? || Panel yapıya özel hazırlanmış mı? || Yalıtım çekirdeği nedir? || Komple yapı elemanı olarak mı sunuluyor?,,,https://taxation-customs.ec.europa.eu/document/download/3eb64513-8255-4c71-875a-bd0a8c7ff772_en
sandviç panel,AMB-003,Sandviç panel,Karma,7308|7210|3921,AMBIGUOUS,low,İki yüz metal sac mı? || Panel yapıya özel hazırlanmış mı? || Yalıtım çekirdeği nedir? || Komple yapı elemanı olarak mı sunuluyor?,,,https://taxation-customs.ec.europa.eu/document/download/3eb64513-8255-4c71-875a-bd0a8c7ff772_en
tasyunu panel,AMB-003,Sandviç panel,Karma,7308|7210|3921,AMBIGUOUS,low,İki yüz metal sac mı? || Panel yapıya özel hazırlanmış mı? || Yalıtım çekirdeği nedir? || Komple yapı elemanı olarak mı sunuluyor?,,,https://taxation-customs.ec.europa.eu/document/download/3eb64513-8255-4c71-875a-bd0a8c7ff772_en
taşyünü panel,AMB-003,Sandviç panel,Karma,7308|7210|3921,AMBIGUOUS,low,İki yüz metal sac mı? || Panel yapıya özel hazırlanmış mı? || Yalıtım çekirdeği nedir? || Komple yapı elemanı olarak mı sunuluyor?,,,https://taxation-customs.ec.europa.eu/document/download/3eb64513-8255-4c71-875a-bd0a8c7ff772_en
çatı paneli,AMB-003,Sandviç panel,Karma,7308|7210|3921,AMBIGUOUS,low,İki yüz metal sac mı? || Panel yapıya özel hazırlanmış mı? || Yalıtım çekirdeği nedir? || Komple yapı elemanı olarak mı sunuluyor?,,,https://taxation-customs.ec.europa.eu/document/download/3eb64513-8255-4c71-875a-bd0a8c7ff772_en
celik raf,AMB-004,Metal raf / depo raf sistemi,Karma,7308|9403|7326,AMBIGUOUS,low,Sabit yapısal sistem mi yoksa mobilya niteliğinde bağımsız raf mı? || Zemine/duvara sabitleniyor mu? || Kullanım yeri depo/mağaza/ofis mi?,Mobilya niteliğinde ise 9403 ve CBAM dışında olabilir,,https://taxation-customs.ec.europa.eu/document/download/3eb64513-8255-4c71-875a-bd0a8c7ff772_en
celik shelving,AMB-004,Metal raf / depo raf sistemi,Karma,7308|9403|7326,AMBIGUOUS,low,Sabit yapısal sistem mi yoksa mobilya niteliğinde bağımsız raf mı? || Zemine/duvara sabitleniyor mu? || Kullanım yeri depo/mağaza/ofis mi?,Mobilya niteliğinde ise 9403 ve CBAM dışında olabilir,,https://taxation-customs.ec.europa.eu/document/download/3eb64513-8255-4c71-875a-bd0a8c7ff772_en
depo rafi,AMB-004,Metal raf / depo raf sistemi,Karma,7308|9403|7326,AMBIGUOUS,low,Sabit yapısal sistem mi yoksa mobilya niteliğinde bağımsız raf mı? || Zemine/duvara sabitleniyor mu? || Kullanım yeri depo/mağaza/ofis mi?,Mobilya niteliğinde ise 9403 ve CBAM dışında olabilir,,https://taxation-customs.ec.europa.eu/document/download/3eb64513-8255-4c71-875a-bd0a8c7ff772_en
depo rafı,AMB-004,Metal raf / depo raf sistemi,Karma,7308|9403|7326,AMBIGUOUS,low,Sabit yapısal sistem mi yoksa mobilya niteliğinde bağımsız raf mı? || Zemine/duvara sabitleniyor mu? || Kullanım yeri depo/mağaza/ofis mi?,Mobilya niteliğinde ise 9403 ve CBAM dışında olabilir,,https://taxation-customs.ec.europa.eu/document/download/3eb64513-8255-4c71-875a-bd0a8c7ff772_en
market rafi,AMB-004,Metal raf / depo raf sistemi,Karma,7308|9403|7326,AMBIGUOUS,low,Sabit yapısal sistem mi yoksa mobilya niteliğinde bağımsız raf mı? || Zemine/duvara sabitleniyor mu? || Kullanım yeri depo/mağaza/ofis mi?,Mobilya niteliğinde ise 9403 ve CBAM dışında olabilir,,https://taxation-customs.ec.europa.eu/document/download/3eb64513-8255-4c71-875a-bd0a8c7ff772_en
market rafı,AMB-004,Metal raf / depo raf sistemi,Karma,7308|9403|7326,AMBIGUOUS,low,Sabit yapısal sistem mi yoksa mobilya niteliğinde bağımsız raf mı? || Zemine/duvara sabitleniyor mu? || Kullanım yeri depo/mağaza/ofis mi?,Mobilya niteliğinde ise 9403 ve CBAM dışında olabilir,,https://taxation-customs.ec.europa.eu/document/download/3eb64513-8255-4c71-875a-bd0a8c7ff772_en
metal raf,AMB-004,Metal raf / depo raf sistemi,Karma,7308|9403|7326,AMBIGUOUS,low,Sabit yapısal sistem mi yoksa mobilya niteliğinde bağımsız raf mı? || Zemine/duvara sabitleniyor mu? || Kullanım yeri depo/mağaza/ofis mi?,Mobilya niteliğinde ise 9403 ve CBAM dışında olabilir,,https://taxation-customs.ec.europa.eu/document/download/3eb64513-8255-4c71-875a-bd0a8c7ff772_en
metal raf / depo raf sistemi,AMB-004,Metal raf / depo raf sistemi,Karma,7308|9403|7326,AMBIGUOUS,low,Sabit yapısal sistem mi yoksa mobilya niteliğinde bağımsız raf mı? || Zemine/duvara sabitleniyor mu? || Kullanım yeri depo/mağaza/ofis mi?,Mobilya niteliğinde ise 9403 ve CBAM dışında olabilir,,https://taxation-customs.ec.europa.eu/document/download/3eb64513-8255-4c71-875a-bd0a8c7ff772_en
palet rafi,AMB-004,Metal raf / depo raf sistemi,Karma,7308|9403|7326,AMBIGUOUS,low,Sabit yapısal sistem mi yoksa mobilya niteliğinde bağımsız raf mı? || Zemine/duvara sabitleniyor mu? || Kullanım yeri depo/mağaza/ofis mi?,Mobilya niteliğinde ise 9403 ve CBAM dışında olabilir,,https://taxation-customs.ec.europa.eu/document/download/3eb64513-8255-4c71-875a-bd0a8c7ff772_en
palet rafı,AMB-004,Metal raf / depo raf sistemi,Karma,7308|9403|7326,AMBIGUOUS,low,Sabit yapısal sistem mi yoksa mobilya niteliğinde bağımsız raf mı? || Zemine/duvara sabitleniyor mu? || Kullanım yeri depo/mağaza/ofis mi?,Mobilya niteliğinde ise 9403 ve CBAM dışında olabilir,,https://taxation-customs.ec.europa.eu/document/download/3eb64513-8255-4c71-875a-bd0a8c7ff772_en
raf sistemi,AMB-004,Metal raf / depo raf sistemi,Karma,7308|9403|7326,AMBIGUOUS,low,Sabit yapısal sistem mi yoksa mobilya niteliğinde bağımsız raf mı? || Zemine/duvara sabitleniyor mu? || Kullanım yeri depo/mağaza/ofis mi?,Mobilya niteliğinde ise 9403 ve CBAM dışında olabilir,,https://taxation-customs.ec.europa.eu/document/download/3eb64513-8255-4c71-875a-bd0a8c7ff772_en
çelik raf,AMB-004,Metal raf / depo raf sistemi,Karma,7308|9403|7326,AMBIGUOUS,low,Sabit yapısal sistem mi yoksa mobilya niteliğinde bağımsız raf mı? || Zemine/duvara sabitleniyor mu? || Kullanım yeri depo/mağaza/ofis mi?,Mobilya niteliğinde ise 9403 ve CBAM dışında olabilir,,https://taxation-customs.ec.europa.eu/document/download/3eb64513-8255-4c71-875a-bd0a8c7ff772_en
çelik shelving,AMB-004,Metal raf / depo raf sistemi,Karma,7308|9403|7326,AMBIGUOUS,low,Sabit yapısal sistem mi yoksa mobilya niteliğinde bağımsız raf mı? || Zemine/duvara sabitleniyor mu? || Kullanım yeri depo/mağaza/ofis mi?,Mobilya niteliğinde ise 9403 ve CBAM dışında olabilir,,https://taxation-customs.ec.europa.eu/document/download/3eb64513-8255-4c71-875a-bd0a8c7ff772_en
gunes paneli montaj konstruksiyonu,AMB-005,Güneş paneli montaj konstrüksiyonu,Karma,7308|7610|7604,AMBIGUOUS,medium,Ana malzeme çelik mi alüminyum mu? || Profil yapıya/montaja özel delinmiş-kesilmiş mi? || Yalnız ham profil mi?,,,https://eur-lex.europa.eu/legal-content/EN/TXT/HTML/?uri=CELEX%3A02023R0956-20251020
gunes paneli sehpasi,AMB-005,Güneş paneli montaj konstrüksiyonu,Karma,7308|7610|7604,AMBIGUOUS,medium,Ana malzeme çelik mi alüminyum mu? || Profil yapıya/montaja özel delinmiş-kesilmiş mi? || Yalnız ham profil mi?,,,https://eur-lex.europa.eu/legal-content/EN/TXT/HTML/?uri=CELEX%3A02023R0956-20251020
gunes paneli tasiyici,AMB-005,Güneş paneli montaj konstrüksiyonu,Karma,7308|7610|7604,AMBIGUOUS,medium,Ana malzeme çelik mi alüminyum mu? || Profil yapıya/montaja özel delinmiş-kesilmiş mi? || Yalnız ham profil mi?,,,https://eur-lex.europa.eu/legal-content/EN/TXT/HTML/?uri=CELEX%3A02023R0956-20251020
güneş paneli montaj konstrüksiyonu,AMB-005,Güneş paneli montaj konstrüksiyonu,Karma,7308|7610|7604,AMBIGUOUS,medium,Ana malzeme çelik mi alüminyum mu? || Profil yapıya/montaja özel delinmiş-kesilmiş mi? || Yalnız ham profil mi?,,,https://eur-lex.europa.eu/legal-content/EN/TXT/HTML/?uri=CELEX%3A02023R0956-20251020
güneş paneli sehpası,AMB-005,Güneş paneli montaj konstrüksiyonu,Karma,7308|7610|7604,AMBIGUOUS,medium,Ana malzeme çelik mi alüminyum mu? || Profil yapıya/montaja özel delinmiş-kesilmiş mi? || Yalnız ham profil mi?,,,https://eur-lex.europa.eu/legal-content/EN/TXT/HTML/?uri=CELEX%3A02023R0956-20251020
güneş paneli taşıyıcı,AMB-005,Güneş paneli montaj konstrüksiyonu,Karma,7308|7610|7604,AMBIGUOUS,medium,Ana malzeme çelik mi alüminyum mu? || Profil yapıya/montaja özel delinmiş-kesilmiş mi? || Yalnız ham profil mi?,,,https://eur-lex.europa.eu/legal-content/EN/TXT/HTML/?uri=CELEX%3A02023R0956-20251020
pv montaj profili,AMB-005,Güneş paneli montaj konstrüksiyonu,Karma,7308|7610|7604,AMBIGUOUS,medium,Ana malzeme çelik mi alüminyum mu? || Profil yapıya/montaja özel delinmiş-kesilmiş mi? || Yalnız ham profil mi?,,,https://eur-lex.europa.eu/legal-content/EN/TXT/HTML/?uri=CELEX%3A02023R0956-20251020
solar konstruksiyon,AMB-005,Güneş paneli montaj konstrüksiyonu,Karma,7308|7610|7604,AMBIGUOUS,medium,Ana malzeme çelik mi alüminyum mu? || Profil yapıya/montaja özel delinmiş-kesilmiş mi? || Yalnız ham profil mi?,,,https://eur-lex.europa.eu/legal-content/EN/TXT/HTML/?uri=CELEX%3A02023R0956-20251020
solar konstrüksiyon,AMB-005,Güneş paneli montaj konstrüksiyonu,Karma,7308|7610|7604,AMBIGUOUS,medium,Ana malzeme çelik mi alüminyum mu? || Profil yapıya/montaja özel delinmiş-kesilmiş mi? || Yalnız ham profil mi?,,,https://eur-lex.europa.eu/legal-content/EN/TXT/HTML/?uri=CELEX%3A02023R0956-20251020
solar mounting system,AMB-005,Güneş paneli montaj konstrüksiyonu,Karma,7308|7610|7604,AMBIGUOUS,medium,Ana malzeme çelik mi alüminyum mu? || Profil yapıya/montaja özel delinmiş-kesilmiş mi? || Yalnız ham profil mi?,,,https://eur-lex.europa.eu/legal-content/EN/TXT/HTML/?uri=CELEX%3A02023R0956-20251020
greenhouse structure,AMB-006,Sera konstrüksiyonu,Karma,7308|7610|9406,AMBIGUOUS,medium,Ana malzeme nedir? || Komple prefabrik yapı seti mi? || Yalnız yapısal parçalar mı?,9406 prefabrik yapı sınıflandırması olası,,https://eur-lex.europa.eu/legal-content/EN/TXT/HTML/?uri=CELEX%3A02023R0956-20251020
sera demiri,AMB-006,Sera konstrüksiyonu,Karma,7308|7610|9406,AMBIGUOUS,medium,Ana malzeme nedir? || Komple prefabrik yapı seti mi? || Yalnız yapısal parçalar mı?,9406 prefabrik yapı sınıflandırması olası,,https://eur-lex.europa.eu/legal-content/EN/TXT/HTML/?uri=CELEX%3A02023R0956-20251020
sera iskeleti,AMB-006,Sera konstrüksiyonu,Karma,7308|7610|9406,AMBIGUOUS,medium,Ana malzeme nedir? || Komple prefabrik yapı seti mi? || Yalnız yapısal parçalar mı?,9406 prefabrik yapı sınıflandırması olası,,https://eur-lex.europa.eu/legal-content/EN/TXT/HTML/?uri=CELEX%3A02023R0956-20251020
sera konstruksiyonu,AMB-006,Sera konstrüksiyonu,Karma,7308|7610|9406,AMBIGUOUS,medium,Ana malzeme nedir? || Komple prefabrik yapı seti mi? || Yalnız yapısal parçalar mı?,9406 prefabrik yapı sınıflandırması olası,,https://eur-lex.europa.eu/legal-content/EN/TXT/HTML/?uri=CELEX%3A02023R0956-20251020
sera konstrüksiyonu,AMB-006,Sera konstrüksiyonu,Karma,7308|7610|9406,AMBIGUOUS,medium,Ana malzeme nedir? || Komple prefabrik yapı seti mi? || Yalnız yapısal parçalar mı?,9406 prefabrik yapı sınıflandırması olası,,https://eur-lex.europa.eu/legal-content/EN/TXT/HTML/?uri=CELEX%3A02023R0956-20251020
sera profili,AMB-006,Sera konstrüksiyonu,Karma,7308|7610|9406,AMBIGUOUS,medium,Ana malzeme nedir? || Komple prefabrik yapı seti mi? || Yalnız yapısal parçalar mı?,9406 prefabrik yapı sınıflandırması olası,,https://eur-lex.europa.eu/legal-content/EN/TXT/HTML/?uri=CELEX%3A02023R0956-20251020
cnc metal parca,AMB-007,Makine için metal parça,Karma,7326|7616|84xx,AMBIGUOUS,very_low,Hangi makinede kullanılıyor? || Parça yalnız/başlıca belirli bir makineye mi ait? || Teknik çizim ve fonksiyon nedir?,Bölüm XVI makine parçası olarak sınıflanırsa CBAM kapsamı dışında olabilir,,https://eur-lex.europa.eu/legal-content/EN/TXT/HTML/?uri=CELEX%3A02023R0956-20251020
cnc metal parça,AMB-007,Makine için metal parça,Karma,7326|7616|84xx,AMBIGUOUS,very_low,Hangi makinede kullanılıyor? || Parça yalnız/başlıca belirli bir makineye mi ait? || Teknik çizim ve fonksiyon nedir?,Bölüm XVI makine parçası olarak sınıflanırsa CBAM kapsamı dışında olabilir,,https://eur-lex.europa.eu/legal-content/EN/TXT/HTML/?uri=CELEX%3A02023R0956-20251020
islenmis aluminyum parca,AMB-007,Makine için metal parça,Karma,7326|7616|84xx,AMBIGUOUS,very_low,Hangi makinede kullanılıyor? || Parça yalnız/başlıca belirli bir makineye mi ait? || Teknik çizim ve fonksiyon nedir?,Bölüm XVI makine parçası olarak sınıflanırsa CBAM kapsamı dışında olabilir,,https://eur-lex.europa.eu/legal-content/EN/TXT/HTML/?uri=CELEX%3A02023R0956-20251020
islenmis celik parca,AMB-007,Makine için metal parça,Karma,7326|7616|84xx,AMBIGUOUS,very_low,Hangi makinede kullanılıyor? || Parça yalnız/başlıca belirli bir makineye mi ait? || Teknik çizim ve fonksiyon nedir?,Bölüm XVI makine parçası olarak sınıflanırsa CBAM kapsamı dışında olabilir,,https://eur-lex.europa.eu/legal-content/EN/TXT/HTML/?uri=CELEX%3A02023R0956-20251020
işlenmiş alüminyum parça,AMB-007,Makine için metal parça,Karma,7326|7616|84xx,AMBIGUOUS,very_low,Hangi makinede kullanılıyor? || Parça yalnız/başlıca belirli bir makineye mi ait? || Teknik çizim ve fonksiyon nedir?,Bölüm XVI makine parçası olarak sınıflanırsa CBAM kapsamı dışında olabilir,,https://eur-lex.europa.eu/legal-content/EN/TXT/HTML/?uri=CELEX%3A02023R0956-20251020
işlenmiş çelik parça,AMB-007,Makine için metal parça,Karma,7326|7616|84xx,AMBIGUOUS,very_low,Hangi makinede kullanılıyor? || Parça yalnız/başlıca belirli bir makineye mi ait? || Teknik çizim ve fonksiyon nedir?,Bölüm XVI makine parçası olarak sınıflanırsa CBAM kapsamı dışında olabilir,,https://eur-lex.europa.eu/legal-content/EN/TXT/HTML/?uri=CELEX%3A02023R0956-20251020
makine icin metal parca,AMB-007,Makine için metal parça,Karma,7326|7616|84xx,AMBIGUOUS,very_low,Hangi makinede kullanılıyor? || Parça yalnız/başlıca belirli bir makineye mi ait? || Teknik çizim ve fonksiyon nedir?,Bölüm XVI makine parçası olarak sınıflanırsa CBAM kapsamı dışında olabilir,,https://eur-lex.europa.eu/legal-content/EN/TXT/HTML/?uri=CELEX%3A02023R0956-20251020
makine için metal parça,AMB-007,Makine için metal parça,Karma,7326|7616|84xx,AMBIGUOUS,very_low,Hangi makinede kullanılıyor? || Parça yalnız/başlıca belirli bir makineye mi ait? || Teknik çizim ve fonksiyon nedir?,Bölüm XVI makine parçası olarak sınıflanırsa CBAM kapsamı dışında olabilir,,https://eur-lex.europa.eu/legal-content/EN/TXT/HTML/?uri=CELEX%3A02023R0956-20251020
makine parcasi,AMB-007,Makine için metal parça,Karma,7326|7616|84xx,AMBIGUOUS,very_low,Hangi makinede kullanılıyor? || Parça yalnız/başlıca belirli bir makineye mi ait? || Teknik çizim ve fonksiyon nedir?,Bölüm XVI makine parçası olarak sınıflanırsa CBAM kapsamı dışında olabilir,,https://eur-lex.europa.eu/legal-content/EN/TXT/HTML/?uri=CELEX%3A02023R0956-20251020
makine parçası,AMB-007,Makine için metal parça,Karma,7326|7616|84xx,AMBIGUOUS,very_low,Hangi makinede kullanılıyor? || Parça yalnız/başlıca belirli bir makineye mi ait? || Teknik çizim ve fonksiyon nedir?,Bölüm XVI makine parçası olarak sınıflanırsa CBAM kapsamı dışında olabilir,,https://eur-lex.europa.eu/legal-content/EN/TXT/HTML/?uri=CELEX%3A02023R0956-20251020
metal yedek parca,AMB-007,Makine için metal parça,Karma,7326|7616|84xx,AMBIGUOUS,very_low,Hangi makinede kullanılıyor? || Parça yalnız/başlıca belirli bir makineye mi ait? || Teknik çizim ve fonksiyon nedir?,Bölüm XVI makine parçası olarak sınıflanırsa CBAM kapsamı dışında olabilir,,https://eur-lex.europa.eu/legal-content/EN/TXT/HTML/?uri=CELEX%3A02023R0956-20251020
metal yedek parça,AMB-007,Makine için metal parça,Karma,7326|7616|84xx,AMBIGUOUS,very_low,Hangi makinede kullanılıyor? || Parça yalnız/başlıca belirli bir makineye mi ait? || Teknik çizim ve fonksiyon nedir?,Bölüm XVI makine parçası olarak sınıflanırsa CBAM kapsamı dışında olabilir,,https://eur-lex.europa.eu/legal-content/EN/TXT/HTML/?uri=CELEX%3A02023R0956-20251020
aluminyum mobilya parcasi,AMB-008,Metal mobilya parçası,Karma,7326|7616|9403,AMBIGUOUS,low,"Nihai mobilya mı, sadece genel amaçlı metal parça mı? || Belirli mobilyaya mahsus mu?",94. fasıl sınıflandırması CBAM dışında olabilir,,https://eur-lex.europa.eu/legal-content/EN/TXT/HTML/?uri=CELEX%3A02023R0956-20251020
alüminyum mobilya parçası,AMB-008,Metal mobilya parçası,Karma,7326|7616|9403,AMBIGUOUS,low,"Nihai mobilya mı, sadece genel amaçlı metal parça mı? || Belirli mobilyaya mahsus mu?",94. fasıl sınıflandırması CBAM dışında olabilir,,https://eur-lex.europa.eu/legal-content/EN/TXT/HTML/?uri=CELEX%3A02023R0956-20251020
celik sandalye ayagi,AMB-008,Metal mobilya parçası,Karma,7326|7616|9403,AMBIGUOUS,low,"Nihai mobilya mı, sadece genel amaçlı metal parça mı? || Belirli mobilyaya mahsus mu?",94. fasıl sınıflandırması CBAM dışında olabilir,,https://eur-lex.europa.eu/legal-content/EN/TXT/HTML/?uri=CELEX%3A02023R0956-20251020
metal masa ayagi,AMB-008,Metal mobilya parçası,Karma,7326|7616|9403,AMBIGUOUS,low,"Nihai mobilya mı, sadece genel amaçlı metal parça mı? || Belirli mobilyaya mahsus mu?",94. fasıl sınıflandırması CBAM dışında olabilir,,https://eur-lex.europa.eu/legal-content/EN/TXT/HTML/?uri=CELEX%3A02023R0956-20251020
metal masa ayağı,AMB-008,Metal mobilya parçası,Karma,7326|7616|9403,AMBIGUOUS,low,"Nihai mobilya mı, sadece genel amaçlı metal parça mı? || Belirli mobilyaya mahsus mu?",94. fasıl sınıflandırması CBAM dışında olabilir,,https://eur-lex.europa.eu/legal-content/EN/TXT/HTML/?uri=CELEX%3A02023R0956-20251020
metal mobilya parcasi,AMB-008,Metal mobilya parçası,Karma,7326|7616|9403,AMBIGUOUS,low,"Nihai mobilya mı, sadece genel amaçlı metal parça mı? || Belirli mobilyaya mahsus mu?",94. fasıl sınıflandırması CBAM dışında olabilir,,https://eur-lex.europa.eu/legal-content/EN/TXT/HTML/?uri=CELEX%3A02023R0956-20251020
metal mobilya parçası,AMB-008,Metal mobilya parçası,Karma,7326|7616|9403,AMBIGUOUS,low,"Nihai mobilya mı, sadece genel amaçlı metal parça mı? || Belirli mobilyaya mahsus mu?",94. fasıl sınıflandırması CBAM dışında olabilir,,https://eur-lex.europa.eu/legal-content/EN/TXT/HTML/?uri=CELEX%3A02023R0956-20251020
metal sehpa ayagi,AMB-008,Metal mobilya parçası,Karma,7326|7616|9403,AMBIGUOUS,low,"Nihai mobilya mı, sadece genel amaçlı metal parça mı? || Belirli mobilyaya mahsus mu?",94. fasıl sınıflandırması CBAM dışında olabilir,,https://eur-lex.europa.eu/legal-content/EN/TXT/HTML/?uri=CELEX%3A02023R0956-20251020
metal sehpa ayağı,AMB-008,Metal mobilya parçası,Karma,7326|7616|9403,AMBIGUOUS,low,"Nihai mobilya mı, sadece genel amaçlı metal parça mı? || Belirli mobilyaya mahsus mu?",94. fasıl sınıflandırması CBAM dışında olabilir,,https://eur-lex.europa.eu/legal-content/EN/TXT/HTML/?uri=CELEX%3A02023R0956-20251020
mobilya metal aksami,AMB-008,Metal mobilya parçası,Karma,7326|7616|9403,AMBIGUOUS,low,"Nihai mobilya mı, sadece genel amaçlı metal parça mı? || Belirli mobilyaya mahsus mu?",94. fasıl sınıflandırması CBAM dışında olabilir,,https://eur-lex.europa.eu/legal-content/EN/TXT/HTML/?uri=CELEX%3A02023R0956-20251020
mobilya metal aksamı,AMB-008,Metal mobilya parçası,Karma,7326|7616|9403,AMBIGUOUS,low,"Nihai mobilya mı, sadece genel amaçlı metal parça mı? || Belirli mobilyaya mahsus mu?",94. fasıl sınıflandırması CBAM dışında olabilir,,https://eur-lex.europa.eu/legal-content/EN/TXT/HTML/?uri=CELEX%3A02023R0956-20251020
çelik sandalye ayağı,AMB-008,Metal mobilya parçası,Karma,7326|7616|9403,AMBIGUOUS,low,"Nihai mobilya mı, sadece genel amaçlı metal parça mı? || Belirli mobilyaya mahsus mu?",94. fasıl sınıflandırması CBAM dışında olabilir,,https://eur-lex.europa.eu/legal-content/EN/TXT/HTML/?uri=CELEX%3A02023R0956-20251020
celik konteyner,AMB-009,Konteyner / kabin,Karma,7308|9406|8609,AMBIGUOUS,low,İnsan kullanımına yönelik prefabrik bina mı? || Yük taşımaya özel ISO konteyner mi? || Yalnız çelik yapı parçası mı?,,,https://taxation-customs.ec.europa.eu/document/download/3eb64513-8255-4c71-875a-bd0a8c7ff772_en
guvenlik kabini,AMB-009,Konteyner / kabin,Karma,7308|9406|8609,AMBIGUOUS,low,İnsan kullanımına yönelik prefabrik bina mı? || Yük taşımaya özel ISO konteyner mi? || Yalnız çelik yapı parçası mı?,,,https://taxation-customs.ec.europa.eu/document/download/3eb64513-8255-4c71-875a-bd0a8c7ff772_en
güvenlik kabini,AMB-009,Konteyner / kabin,Karma,7308|9406|8609,AMBIGUOUS,low,İnsan kullanımına yönelik prefabrik bina mı? || Yük taşımaya özel ISO konteyner mi? || Yalnız çelik yapı parçası mı?,,,https://taxation-customs.ec.europa.eu/document/download/3eb64513-8255-4c71-875a-bd0a8c7ff772_en
konteyner / kabin,AMB-009,Konteyner / kabin,Karma,7308|9406|8609,AMBIGUOUS,low,İnsan kullanımına yönelik prefabrik bina mı? || Yük taşımaya özel ISO konteyner mi? || Yalnız çelik yapı parçası mı?,,,https://taxation-customs.ec.europa.eu/document/download/3eb64513-8255-4c71-875a-bd0a8c7ff772_en
moduler kabin,AMB-009,Konteyner / kabin,Karma,7308|9406|8609,AMBIGUOUS,low,İnsan kullanımına yönelik prefabrik bina mı? || Yük taşımaya özel ISO konteyner mi? || Yalnız çelik yapı parçası mı?,,,https://taxation-customs.ec.europa.eu/document/download/3eb64513-8255-4c71-875a-bd0a8c7ff772_en
modüler kabin,AMB-009,Konteyner / kabin,Karma,7308|9406|8609,AMBIGUOUS,low,İnsan kullanımına yönelik prefabrik bina mı? || Yük taşımaya özel ISO konteyner mi? || Yalnız çelik yapı parçası mı?,,,https://taxation-customs.ec.europa.eu/document/download/3eb64513-8255-4c71-875a-bd0a8c7ff772_en
prefabrik kabin,AMB-009,Konteyner / kabin,Karma,7308|9406|8609,AMBIGUOUS,low,İnsan kullanımına yönelik prefabrik bina mı? || Yük taşımaya özel ISO konteyner mi? || Yalnız çelik yapı parçası mı?,,,https://taxation-customs.ec.europa.eu/document/download/3eb64513-8255-4c71-875a-bd0a8c7ff772_en
santiye konteyneri,AMB-009,Konteyner / kabin,Karma,7308|9406|8609,AMBIGUOUS,low,İnsan kullanımına yönelik prefabrik bina mı? || Yük taşımaya özel ISO konteyner mi? || Yalnız çelik yapı parçası mı?,,,https://taxation-customs.ec.europa.eu/document/download/3eb64513-8255-4c71-875a-bd0a8c7ff772_en
çelik konteyner,AMB-009,Konteyner / kabin,Karma,7308|9406|8609,AMBIGUOUS,low,İnsan kullanımına yönelik prefabrik bina mı? || Yük taşımaya özel ISO konteyner mi? || Yalnız çelik yapı parçası mı?,,,https://taxation-customs.ec.europa.eu/document/download/3eb64513-8255-4c71-875a-bd0a8c7ff772_en
şantiye konteyneri,AMB-009,Konteyner / kabin,Karma,7308|9406|8609,AMBIGUOUS,low,İnsan kullanımına yönelik prefabrik bina mı? || Yük taşımaya özel ISO konteyner mi? || Yalnız çelik yapı parçası mı?,,,https://taxation-customs.ec.europa.eu/document/download/3eb64513-8255-4c71-875a-bd0a8c7ff772_en
aluminyum cit,AMB-010,Metal çit / panel çit,Karma,7314|7308|7616|7610,AMBIGUOUS,low,"Tel örgü mü, kaynaklı panel mi, yapısal çerçeveli sistem mi? || Malzeme çelik mi alüminyum mu?",,,https://eur-lex.europa.eu/legal-content/EN/TXT/HTML/?uri=CELEX%3A02023R0956-20251020
alüminyum çit,AMB-010,Metal çit / panel çit,Karma,7314|7308|7616|7610,AMBIGUOUS,low,"Tel örgü mü, kaynaklı panel mi, yapısal çerçeveli sistem mi? || Malzeme çelik mi alüminyum mu?",,,https://eur-lex.europa.eu/legal-content/EN/TXT/HTML/?uri=CELEX%3A02023R0956-20251020
bahce citi,AMB-010,Metal çit / panel çit,Karma,7314|7308|7616|7610,AMBIGUOUS,low,"Tel örgü mü, kaynaklı panel mi, yapısal çerçeveli sistem mi? || Malzeme çelik mi alüminyum mu?",,,https://eur-lex.europa.eu/legal-content/EN/TXT/HTML/?uri=CELEX%3A02023R0956-20251020
bahçe çiti,AMB-010,Metal çit / panel çit,Karma,7314|7308|7616|7610,AMBIGUOUS,low,"Tel örgü mü, kaynaklı panel mi, yapısal çerçeveli sistem mi? || Malzeme çelik mi alüminyum mu?",,,https://eur-lex.europa.eu/legal-content/EN/TXT/HTML/?uri=CELEX%3A02023R0956-20251020
celik cit,AMB-010,Metal çit / panel çit,Karma,7314|7308|7616|7610,AMBIGUOUS,low,"Tel örgü mü, kaynaklı panel mi, yapısal çerçeveli sistem mi? || Malzeme çelik mi alüminyum mu?",,,https://eur-lex.europa.eu/legal-content/EN/TXT/HTML/?uri=CELEX%3A02023R0956-20251020
dekoratif metal cit,AMB-010,Metal çit / panel çit,Karma,7314|7308|7616|7610,AMBIGUOUS,low,"Tel örgü mü, kaynaklı panel mi, yapısal çerçeveli sistem mi? || Malzeme çelik mi alüminyum mu?",,,https://eur-lex.europa.eu/legal-content/EN/TXT/HTML/?uri=CELEX%3A02023R0956-20251020
dekoratif metal çit,AMB-010,Metal çit / panel çit,Karma,7314|7308|7616|7610,AMBIGUOUS,low,"Tel örgü mü, kaynaklı panel mi, yapısal çerçeveli sistem mi? || Malzeme çelik mi alüminyum mu?",,,https://eur-lex.europa.eu/legal-content/EN/TXT/HTML/?uri=CELEX%3A02023R0956-20251020
metal cit / panel cit,AMB-010,Metal çit / panel çit,Karma,7314|7308|7616|7610,AMBIGUOUS,low,"Tel örgü mü, kaynaklı panel mi, yapısal çerçeveli sistem mi? || Malzeme çelik mi alüminyum mu?",,,https://eur-lex.europa.eu/legal-content/EN/TXT/HTML/?uri=CELEX%3A02023R0956-20251020
metal çit / panel çit,AMB-010,Metal çit / panel çit,Karma,7314|7308|7616|7610,AMBIGUOUS,low,"Tel örgü mü, kaynaklı panel mi, yapısal çerçeveli sistem mi? || Malzeme çelik mi alüminyum mu?",,,https://eur-lex.europa.eu/legal-content/EN/TXT/HTML/?uri=CELEX%3A02023R0956-20251020
panel cit,AMB-010,Metal çit / panel çit,Karma,7314|7308|7616|7610,AMBIGUOUS,low,"Tel örgü mü, kaynaklı panel mi, yapısal çerçeveli sistem mi? || Malzeme çelik mi alüminyum mu?",,,https://eur-lex.europa.eu/legal-content/EN/TXT/HTML/?uri=CELEX%3A02023R0956-20251020
panel çit,AMB-010,Metal çit / panel çit,Karma,7314|7308|7616|7610,AMBIGUOUS,low,"Tel örgü mü, kaynaklı panel mi, yapısal çerçeveli sistem mi? || Malzeme çelik mi alüminyum mu?",,,https://eur-lex.europa.eu/legal-content/EN/TXT/HTML/?uri=CELEX%3A02023R0956-20251020
tel cit,AMB-010,Metal çit / panel çit,Karma,7314|7308|7616|7610,AMBIGUOUS,low,"Tel örgü mü, kaynaklı panel mi, yapısal çerçeveli sistem mi? || Malzeme çelik mi alüminyum mu?",,,https://eur-lex.europa.eu/legal-content/EN/TXT/HTML/?uri=CELEX%3A02023R0956-20251020
tel çit,AMB-010,Metal çit / panel çit,Karma,7314|7308|7616|7610,AMBIGUOUS,low,"Tel örgü mü, kaynaklı panel mi, yapısal çerçeveli sistem mi? || Malzeme çelik mi alüminyum mu?",,,https://eur-lex.europa.eu/legal-content/EN/TXT/HTML/?uri=CELEX%3A02023R0956-20251020
çelik çit,AMB-010,Metal çit / panel çit,Karma,7314|7308|7616|7610,AMBIGUOUS,low,"Tel örgü mü, kaynaklı panel mi, yapısal çerçeveli sistem mi? || Malzeme çelik mi alüminyum mu?",,,https://eur-lex.europa.eu/legal-content/EN/TXT/HTML/?uri=CELEX%3A02023R0956-20251020
